CASE_ID,ACCIDENT_YEAR,PROC_DATE,JURIS,COLLISION_DATE,COLLISION_TIME,OFFICER_ID,REPORTING_DISTRICT,DAY_OF_WEEK,CHP_SHIFT,POPULATION,CNTY_CITY_LOC,SPECIAL_COND,BEAT_TYPE,CHP_BEAT_TYPE,CITY_DIVISION_LAPD,CHP_BEAT_CLASS,BEAT_NUMBER,PRIMARY_RD,SECONDARY_RD,DISTANCE,DIRECTION,INTERSECTION,WEATHER_1,WEATHER_2,STATE_HWY_IND,CALTRANS_COUNTY,CALTRANS_DISTRICT,STATE_ROUTE,ROUTE_SUFFIX,POSTMILE_PREFIX,POSTMILE,LOCATION_TYPE,RAMP_INTERSECTION,SIDE_OF_HWY,TOW_AWAY,COLLISION_SEVERITY,NUMBER_KILLED,NUMBER_INJURED,PARTY_COUNT,PRIMARY_COLL_FACTOR,PCF_CODE_OF_VIOL,PCF_VIOL_CATEGORY,PCF_VIOLATION,PCF_VIOL_SUBSECTION,HIT_AND_RUN,TYPE_OF_COLLISION,MVIW,PED_ACTION,ROAD_SURFACE,ROAD_COND_1,ROAD_COND_2,LIGHTING,CONTROL_DEVICE,CHP_ROAD_TYPE,PEDESTRIAN_ACCIDENT,BICYCLE_ACCIDENT,MOTORCYCLE_ACCIDENT,TRUCK_ACCIDENT,NOT_PRIVATE_PROPERTY,ALCOHOL_INVOLVED,STWD_VEHTYPE_AT_FAULT,CHP_VEHTYPE_AT_FAULT,COUNT_SEVERE_INJ,COUNT_VISIBLE_INJ,COUNT_COMPLAINT_PAIN,COUNT_PED_KILLED,COUNT_PED_INJURED,COUNT_BICYCLIST_KILLED,COUNT_BICYCLIST_INJURED,COUNT_MC_KILLED,COUNT_MC_INJURED,PRIMARY_RAMP,SECONDARY_RAMP,LATITUDE,LONGITUDE,COUNTY,CITY,POINT_X,POINT_Y
6142604,2013,3/12/14,9760,7/15/13,1800,19534,,1,2,5,4203,0,1,2,,2,11,RT 101,MILPAS ST,2640,S,N,A,-,Y,SB,5,101,-,-,12.25,H,-,S,Y,4,0,2,2,A,-,3,22350,,N,C,C,A,A,H,-,A,A,1,,,,,Y,,A,1,0,0,2,0,0,0,0,0,0,- ,- ,34.42186,-119.66392,SANTA BARBARA,SANTA BARBARA,-119.6699714,34.4201599
6142608,2013,3/12/14,9760,7/14/13,1700,19277,,7,2,5,4203,0,1,2,,2,11,RT 101,GARDEN ST,1056,N,N,A,-,Y,SB,5,101,-,-,13.7,H,-,S,Y,4,0,2,2,A,-,3,22350,,N,C,C,A,A,H,-,A,D,1,,,,,Y,,A,1,0,0,2,0,0,0,0,0,0,- ,- ,34.41551,-119.69263,SANTA BARBARA,SANTA BARBARA,-119.6926913,34.415394
6155923,2013,3/13/14,4203,7/2/13,1006,6700,46,2,5,5,4203,0,0,0,,0,3,MICHELTORENA ST,LAGUNA ST,0,,Y,A,-,N,,,,,,,,,,N,4,0,1,2,A,-,9,21802,A,N,D,C,A,A,H,-,A,A,0,,,,,Y,,A,7,0,0,1,0,0,0,0,0,0,- ,- ,34.25493,-119.42136,SANTA BARBARA,SANTA BARBARA,-119.7037725,34.4304448
6155927,2013,3/13/14,4203,7/3/13,1242,6700,42,3,5,5,4203,0,0,0,,0,3,LAS GRANADAS,ANAPAMU ST,310,N,N,A,-,N,,,,,,,,,,N,4,0,1,2,D,-,0,,,F,D,B,E,A,H,-,A,D,0,Y,,,,Y,,-,- ,0,0,1,0,1,0,0,0,0,- ,- ,34.25284,-119.42167,SANTA BARBARA,SANTA BARBARA,,
6155947,2013,3/13/14,4203,7/4/13,1433,2264,30,4,5,5,4203,0,0,0,,0,1,MILPAS ST,GUTIERREZ ST,48,S,N,A,-,N,,,,,,,,,,N,3,0,1,2,A,-,6,21750,,N,B,G,A,A,H,-,A,D,0,,Y,,,Y,,-,- ,0,1,0,0,0,0,1,0,0,- ,- ,34.255,-119.4326,SANTA BARBARA,SANTA BARBARA,-119.6839031,34.4253277
6155950,2013,3/12/14,4203,7/8/13,1340,2520,4203,1,5,5,4203,0,0,0,,0,3,STATE ST,MISSION ST,0,,Y,A,-,N,,,,,,,,,,Y,4,0,1,2,A,-,12,21453,A,N,D,D,A,A,H,-,A,A,0,,,,,Y,,-,- ,0,0,1,0,0,0,0,0,0,- ,- ,34.255,-119.4252,SANTA BARBARA,SANTA BARBARA,-119.7147124,34.4308449
6155951,2013,3/13/14,4203,7/3/13,2133,4203,,3,5,5,4203,0,0,0,,0,4,CASTILLO ST,RUTH AV,64,S,N,E,-,N,,,,,,,,,,Y,3,0,1,3,A,-,8,22107,,N,B,E,A,A,H,-,C,D,0,,,,,Y,Y,-,- ,0,1,0,0,0,0,0,0,0,- ,- ,34.2453,-119.4211,SANTA BARBARA,SANTA BARBARA,-119.7030318,34.4148101
6155954,2013,3/12/14,4203,7/6/13,1758,5086,,6,5,5,4203,0,0,0,,0,3,GARDEN ST,E ANAPAMU ST,0,,Y,A,-,N,,,,,,,,,,Y,4,0,2,2,A,-,12,21453,A,N,B,C,A,A,H,-,A,A,0,,,,,Y,,-,- ,0,0,2,0,0,0,0,0,0,- ,- ,34.25355,-119.42039,SANTA BARBARA,SANTA BARBARA,-119.7010824,34.4265748
6155955,2013,5/12/14,4203,7/3/13,1302,2520,4203,3,5,5,4203,0,0,0,,0,3,ANACAPA ST,FIGUEROA ST,0,,Y,A,-,N,,,,,,,,,,N,3,0,1,2,A,-,- ,,,N,D,G,A,A,H,-,A,D,0,,Y,,,Y,,L,4,0,1,0,0,0,0,1,0,0,- ,- ,34.2526,-119.429,SANTA BARBARA,SANTA BARBARA,-119.7020424,34.4235448
6155958,2013,3/12/14,4203,7/20/13,1520,394,4203,6,5,5,4203,0,0,0,,0,5,CALLE NOGUERA,CALLE LAURELES,84,W,N,A,-,N,,,,,,,,,,N,3,0,1,2,A,-,8,22107,,N,B,E,A,A,H,-,A,D,0,,,,,Y,,-,- ,0,1,0,0,0,0,0,0,0,- ,- ,34.26292,-119.43432,SANTA BARBARA,SANTA BARBARA,-119.7284408,34.4414475
6155962,2013,3/12/14,4203,7/17/13,813,2520,4203,3,5,5,4203,0,0,0,,0,1,SALINAS ST,SALINAS PL,0,,Y,A,-,N,,,,,,,,,,N,4,0,1,2,A,-,17,22517,,N,B,C,A,A,H,-,A,D,0,,,,,Y,Y,-,- ,0,0,1,0,0,0,0,0,0,- ,- ,34.2526,-119.402,SANTA BARBARA,SANTA BARBARA,-119.6736524,34.4271149
6155966,2013,3/12/14,4203,7/14/13,1914,3769,,7,5,5,4203,0,0,0,,0,5,CALLE REAL,LAS POSITAS RD,528,W,N,A,-,N,,,,,,,,,,N,3,0,1,1,A,-,1,21200,5,N,H,A,A,A,H,-,A,D,0,,Y,,,Y,Y,L,4,0,1,0,0,0,0,1,0,0,- ,- ,34.2541,-119.4462,SANTA BARBARA,SANTA BARBARA,-119.7355583,34.4286113
6156137,2013,3/10/14,4203,6/24/13,1732,2058,53,1,5,5,4203,0,0,0,,0,5,SAN ROQUE RD,CALLE ALAMO,0,,Y,A,-,N,,,,,,,,,,Y,4,0,1,2,A,-,9,21802,A,N,D,C,A,A,H,-,A,A,0,,,,,Y,,-,- ,0,0,1,0,0,0,0,0,0,- ,- ,34.2626,-119.44031,SANTA BARBARA,SANTA BARBARA,-119.7342024,34.4408948
6156141,2013,3/10/14,4203,6/29/13,725,3197,,6,5,5,4203,0,0,0,,0,2,CLIFF DR,WELDON RD,57,E,N,A,-,Y,SB,5,225,-,-,3.86,H,-,W,Y,3,0,1,1,A,-,8,22107,,N,A,I,A,A,H,-,A,D,0,,,,,Y,Y,-,- ,0,1,0,0,0,0,0,0,0,- ,- ,34.2416,-119.4218,SANTA BARBARA,SANTA BARBARA,-119.7029796,34.4057908
6161488,2013,2/27/14,4203,5/24/13,1235,2661,,5,5,5,4203,0,0,0,,0,4,DE LA VINA ST,ARRELLAGA ST,0,,Y,A,-,N,,,,,,,,,,Y,4,0,2,2,A,-,9,21802,A,N,D,C,A,A,H,-,A,A,0,,,,,Y,,-,- ,0,0,2,0,0,0,0,0,0,- ,- ,,,SANTA BARBARA,SANTA BARBARA,-119.7118324,34.4250149
6161808,2013,3/18/14,9760,7/17/13,432,18264,,3,3,5,4203,0,1,2,,2,20,RT 101,RT 154,1823,N,N,A,-,Y,SB,5,101,-,-,18.71,H,-,N,Y,2,0,1,2,A,-,3,22350,,N,C,C,A,A,H,-,C,D,1,,,,,Y,,A,1,1,0,0,0,0,0,0,0,0,- ,- ,34.44107,-119.76557,SANTA BARBARA,SANTA BARBARA,-119.7651726,34.4411292
6161927,2013,3/25/14,4203,7/9/13,1051,7587,,2,5,5,4203,0,0,0,,0,6,SHORELINE DR,CBL SQUDA DEL SOL,205,E,N,A,-,N,,,,,,,,,,N,3,0,1,2,A,-,3,22350,,N,H,G,A,A,H,-,A,D,0,,Y,,Y,Y,,L,4,0,1,0,0,0,0,1,0,0,- ,- ,,,SANTA BARBARA,SANTA BARBARA,,
6161952,2013,3/22/14,4203,7/6/13,1610,6983,,6,5,5,4203,0,0,0,,0,6,LAS POSITAS RD,MODOC RD,0,S,N,A,-,Y,SB,5,225,-,-,0.16,H,-,W,N,4,0,1,2,A,-,3,22350,,N,C,C,A,A,H,-,A,D,0,,,,,Y,,-,- ,0,0,1,0,0,0,0,0,0,- ,- ,34.2528,-119.4415,SANTA BARBARA,SANTA BARBARA,-119.7345203,34.4261633
6161972,2013,3/22/14,4203,7/3/13,1447,2661,,3,5,5,4203,0,0,0,,0,3,ARRELLAGA ST,OLIVE ST,0,,Y,A,-,N,,,,,,,,,,N,4,0,1,2,A,-,21,22106,,N,C,C,A,A,H,-,A,A,0,,,,,Y,,-,- ,0,0,1,0,0,0,0,0,0,- ,- ,34.2555,-119.4224,SANTA BARBARA,SANTA BARBARA,-119.7038924,34.4324649
6161976,2013,3/22/14,4203,7/5/13,1828,1497,4203,5,5,5,4203,0,0,0,,0,6,MODOC RD,HACIENDA DR,9,S,N,A,-,N,,,,,,,,,,N,4,0,1,2,A,-,9,21801,A,N,H,A,A,A,H,-,A,D,0,,Y,,,Y,,-,- ,0,0,1,0,0,0,1,0,0,- ,- ,34.2531,-119.4401,SANTA BARBARA,SANTA BARBARA,-119.7336736,34.4256985
6162161,2013,3/14/14,4203,7/16/13,755,7083,4203,2,5,5,4203,0,0,0,,0,4,STATE ST,SOLA ST,0,,Y,A,-,N,,,,,,,,,,N,3,0,1,2,A,-,12,21453,A,N,D,G,A,A,H,-,A,A,0,,Y,,,Y,,L,4,0,1,0,0,0,0,1,0,0,- ,- ,34.4252,-119.7069,SANTA BARBARA,SANTA BARBARA,-119.7070524,34.4252348
6162165,2013,3/14/14,4203,7/12/13,2239,3433,,5,5,5,4203,0,0,0,,0,3,RT 101,GARDEN ST,42,E,N,A,-,Y,SB,5,101,-,-,13.357,R,3,S,N,2,0,1,2,A,-,12,21453,A,N,D,G,A,A,H,-,C,A,0,,Y,,,Y,,L,4,1,0,0,0,0,0,1,0,0,SO,- ,34.02506,-119.04121,SANTA BARBARA,SANTA BARBARA,-119.6862324,34.4194748
6162169,2013,3/14/14,4203,7/10/13,1216,2661,,3,5,5,4203,0,0,0,,0,4,MISSION ST,DE LA VINA ST,0,,Y,A,-,N,,,,,,,,,,N,4,0,1,2,A,-,12,21453,A,N,B,G,A,A,H,-,A,A,0,,Y,,,Y,,L,4,0,0,1,0,0,0,1,0,0,- ,- ,34.2543,-119.431,SANTA BARBARA,SANTA BARBARA,-119.7169124,34.4287249
6162173,2013,7/2/14,4203,7/29/13,1340,2661,,1,5,5,4203,0,0,0,,0,1,CALLE PUERTO VALLARTA,MILPAS ST,0,,Y,A,-,N,,,,,,,,,,N,3,0,1,1,A,-,8,22107,,N,-,I,A,A,H,-,A,-,0,,,,,Y,,-,- ,0,1,0,0,0,0,0,0,0,- ,- ,34.25061,-119.40259,SANTA BARBARA,SANTA BARBARA,-119.6738024,34.4179649
6162177,2013,3/14/14,4203,7/15/13,1626,6700,33,1,5,5,4203,0,0,0,,0,4,CHAPALA ST,ARRELLAGA ST,0,,Y,A,-,N,,,,,,,,,,Y,4,0,1,2,A,-,9,21802,A,N,D,C,A,A,H,-,A,A,0,,,,,Y,,A,1,0,0,1,0,0,0,0,0,0,- ,- ,34.2534,-119.4238,SANTA BARBARA,SANTA BARBARA,-119.7107023,34.4260749
6162181,2013,3/14/14,4203,7/15/13,852,4937,,1,5,5,4203,0,0,0,,0,,CABRILLO BL,CASTILLO,233,E,N,A,-,Y,,,,,,,,,,N,3,0,1,2,A,-,17,22517,,N,B,G,A,A,H,-,A,D,0,,Y,,,Y,,-,- ,0,1,0,0,0,0,1,0,0,- ,- ,34.3316,-119.574,SANTA BARBARA,SANTA BARBARA,-119.6933712,34.4085841
6162185,2013,3/14/14,4203,7/15/13,1043,2520,4203,1,5,5,4203,0,0,0,,0,1,CHAPALA ST,DE LA GUERRA ST,0,,Y,A,-,N,,,,,,,,,,N,3,0,1,2,A,-,10,21952,,N,G,B,F,A,H,-,A,D,0,Y,,,,Y,,-,- ,0,1,0,0,1,0,0,0,0,- ,- ,34.2549,-119.4269,SANTA BARBARA,SANTA BARBARA,-119.7004723,34.4185449
6162189,2013,3/14/14,4203,7/12/13,744,2661,,5,5,5,4203,0,0,0,,0,3,CALLE CESAR CHAVEZ,MONTECITO ST,117,N,N,E,-,N,,,,,,,,,,Y,4,0,1,3,A,-,21,22106,,N,D,C,A,A,H,-,A,D,0,,,,,Y,,-,- ,0,0,1,0,0,0,0,0,0,- ,- ,34.2529,-119.4246,SANTA BARBARA,SANTA BARBARA,-119.6864164,34.4215142
6162225,2013,3/14/14,4203,7/8/13,941,9480,,1,5,5,4203,0,0,0,,0,5,STATE ST,LA CUMBRE RD,0,,Y,A,-,N,,,,,,,,,,N,3,0,1,3,A,-,12,21453,A,N,D,C,A,A,H,-,A,A,0,,,,,Y,,-,- ,0,1,0,0,0,0,0,0,0,- ,- ,,,SANTA BARBARA,SANTA BARBARA,-119.7510824,34.4405549
6162229,2013,3/14/14,4203,7/16/13,1700,6114,4203,2,5,5,4203,0,0,0,,0,4,W CARRILLO ST,DE LA VINA ST,0,,Y,A,-,N,,,,,,,,,,Y,4,0,2,2,A,-,12,21453,A,N,D,C,A,A,H,-,A,A,0,,,,,Y,,-,- ,0,0,2,0,0,0,0,0,0,- ,- ,34.2445,-119.425,SANTA BARBARA,SANTA BARBARA,-119.7041323,34.4194148
6162233,2013,7/3/14,4203,7/17/13,1410,7083,4203,3,5,5,4203,0,0,0,,0,3,E CARRILLO ST,SANTA BARBARA ST,0,,Y,A,-,N,,,,,,,,,,N,3,0,2,4,A,-,- ,,,N,-,C,A,A,H,-,A,-,0,,,,,Y,,-,- ,0,1,1,0,0,0,0,0,0,- ,- ,34.4235,-119.6998,SANTA BARBARA,SANTA BARBARA,-119.6995924,34.4236649
6162237,2013,3/14/14,4203,7/13/13,1939,6114,4203,6,5,5,4203,0,0,0,,0,6,W MISSION ST,GILLESPIE ST,0,,Y,A,-,N,,,,,,,,,,Y,4,0,1,2,A,-,9,21801,A,N,A,C,A,A,H,-,B,D,0,,,,,Y,,-,- ,0,0,1,0,0,0,0,0,0,- ,- ,34.2539,-119.434,SANTA BARBARA,SANTA BARBARA,-119.7246823,34.4213349
6162942,2013,3/20/14,9760,7/24/13,2045,18572,,3,2,5,4203,0,1,2,,2,11,RT 101,LOS PATOS WY,200,N,N,A,-,Y,SB,5,101,-,-,11.66,H,-,S,N,4,0,1,2,A,-,3,22350,,M,C,C,A,A,H,-,C,D,1,,,,,Y,,A,1,0,0,1,0,0,0,0,0,0,- ,- ,34.42238,-119.66166,SANTA BARBARA,SANTA BARBARA,-119.6595065,34.4229501
6163035,2013,4/1/14,4203,8/2/13,2136,5086,,5,5,5,4203,0,0,0,,0,1,STANWOOD DR,MISSION RIDGE,25,N,N,A,-,N,,,,,,,,,,Y,4,0,1,1,-,-,- ,,,N,F,J,A,A,H,-,D,D,0,,,,,Y,Y,-,- ,0,0,1,0,0,0,0,0,0,- ,- ,34.26375,-119.41268,SANTA BARBARA,SANTA BARBARA,-119.6907766,34.4433855
6163092,2013,3/19/14,9760,7/27/13,2230,19656,,6,3,5,4203,0,3,5,,2,2,CATHEDRAL OAKS RD,RIBERA DR,0,,Y,A,-,N,,,,,,,,,,N,2,0,1,1,A,-,1,21200,5,N,E,I,A,A,H,-,C,D,0,,Y,,,Y,Y,L,4,1,0,0,0,0,0,1,0,0,- ,- ,34.45153,-119.79996,SANTA BARBARA,SANTA BARBARA,-119.7999624,34.4516049
6163096,2013,3/19/14,9760,7/26/13,1800,19831,,5,2,5,4203,0,1,2,,2,11,RT 101,MILPAS,0,S,N,A,-,Y,SB,5,101,-,-,12.59,H,-,S,N,4,0,1,2,A,-,7,21658,A,N,B,C,A,A,H,-,A,D,1,,,,,Y,,A,1,0,0,1,0,0,0,0,0,0,- ,- ,34.42002,-119.67003,SANTA BARBARA,SANTA BARBARA,-119.6764435,34.4203017
6168122,2013,3/10/14,4203,6/24/13,1900,4735,,1,5,5,4203,0,0,0,,0,1,COAST VILLAGE RD,COAST VILLAGE CIR,314,N,N,A,-,Y,,,,,,,,,,N,4,0,1,2,A,-,9,21802,A,N,D,C,A,A,H,-,A,A,0,,,,,Y,,-,- ,0,0,1,0,0,0,0,0,0,- ,- ,,,SANTA BARBARA,SANTA BARBARA,,
6173467,2013,3/28/14,9760,8/6/13,1645,17097,,2,2,5,4203,0,1,2,,2,20,RT 101,LA CUMBRE RD,2112,S,N,A,-,Y,SB,5,101,-,-,17.38,H,-,N,Y,3,0,1,2,A,-,7,21658,A,N,F,A,A,A,H,-,A,D,1,,,Y,,Y,,D,22,0,1,0,0,0,0,0,0,1,- ,- ,34.43322,-119.74727,SANTA BARBARA,SANTA BARBARA,-119.7457473,34.4321901
6173945,2013,3/29/14,9760,8/12/13,2002,18572,,1,2,5,4203,0,1,2,,2,11,RT 101,LAS POSITAS RD,379,S,N,A,-,Y,SB,5,101,-,-,16.48,H,-,N,Y,2,0,2,1,A,-,1,23152,A,N,E,I,A,A,H,-,C,D,1,,,,,Y,Y,A,1,1,1,0,0,0,0,0,0,0,- ,- ,34.42767,-119.73132,SANTA BARBARA,SANTA BARBARA,-119.7324269,34.4279321
6174063,2013,4/1/14,9760,8/6/13,825,15658,,2,1,5,4203,0,1,2,,2,20,RT 101,LAS POSITAS RD,1,N,N,B,-,Y,SB,5,101,-,-,16.55,H,-,N,Y,3,0,1,4,A,-,7,21658,A,N,B,C,A,A,H,-,A,D,1,,,,,Y,,A,1,0,1,0,0,0,0,0,0,0,- ,- ,34.42803,-119.73358,SANTA BARBARA,SANTA BARBARA,-119.734103,34.4281917
6184928,2013,3/21/14,4203,7/23/13,1158,6700,31,2,5,5,4203,0,0,0,,0,4,CARRILLO ST,DE LA VINA ST,0,,Y,A,-,N,,,,,,,,,,Y,3,0,3,2,A,-,9,21801,A,N,D,C,A,A,H,-,A,A,0,,,,,Y,,A,1,0,1,2,0,0,0,0,0,0,- ,- ,34.25947,-119.42148,SANTA BARBARA,SANTA BARBARA,-119.7041323,34.4194148
6185221,2013,10/16/14,4203,8/9/13,1423,7083,4203,5,5,5,4203,0,0,0,,0,5,STATE ST,ONTARE RD,255,W,N,A,-,N,,,,,,,,,,N,2,0,1,1,A,-,1,23152,A,N,E,I,A,A,H,-,A,D,0,,,,,Y,Y,-,- ,1,0,0,0,0,0,0,0,0,- ,- ,34.4403,-119.7422,SANTA BARBARA,SANTA BARBARA,-119.7409875,34.4404751
6185291,2013,3/27/14,4203,8/9/13,1756,6118,SBSC,5,5,5,4203,0,0,0,,0,1,N NOPAL ST,QUINIENTOS ST,0,,Y,A,-,N,,,,,,,,,,Y,4,0,1,3,A,-,- ,,,F,A,B,F,A,H,-,A,D,0,Y,,,,Y,Y,-,- ,0,0,1,0,1,0,0,0,0,- ,- ,34.2514,-119.4047,SANTA BARBARA,SANTA BARBARA,-119.6800124,34.4206648
6185295,2013,3/27/14,4203,8/8/13,1037,2661,,4,5,5,4203,0,0,0,,0,1,ALAMEDA PADRE SERRA,NEWTON RD,24,N,N,A,-,N,,,,,,,,,,Y,4,0,1,1,A,-,1,23152,A,N,H,-,A,A,H,-,A,D,0,,,,,Y,Y,-,- ,0,0,1,0,0,0,0,0,0,- ,- ,34.43697,-119.6926,SANTA BARBARA,SANTA BARBARA,-119.6929925,34.437356
6185403,2013,3/26/14,4203,7/22/13,843,5618,,1,5,5,4203,0,0,0,,0,4,CHAPALA ST,W SOLA ST,0,,Y,B,-,N,,,,,,,,,,Y,4,0,1,2,D,-,0,,,N,D,C,A,A,H,-,A,A,0,,,,,Y,,-,- ,0,0,1,0,0,0,0,0,0,- ,- ,34.25279,-119.42287,SANTA BARBARA,SANTA BARBARA,-119.7081724,34.4242049
6185407,2013,3/26/14,4203,7/20/13,1230,2386,,6,5,5,4203,0,0,0,,0,4,CASTILLO ST,COTA ST,100,N,N,A,-,N,,,,,,,,,,N,3,0,1,2,A,-,3,22350,,N,D,G,A,A,H,-,A,A,0,,Y,,,Y,,L,4,0,1,0,0,0,0,1,0,0,- ,- ,34.24493,-119.42057,SANTA BARBARA,SANTA BARBARA,-119.7015421,34.4137253
6185411,2013,3/26/14,4203,7/19/13,1848,6970,,5,5,5,4203,0,0,0,,0,1,SALINAS ST,MONTECITO ST,0,,Y,A,-,N,,,,,,,,,,Y,4,0,1,2,D,-,0,,,N,D,C,A,A,H,-,A,A,0,,,,,Y,,-,- ,0,0,1,0,0,0,0,0,0,- ,- ,34.25444,-119.40373,SANTA BARBARA,SANTA BARBARA,,
6185415,2013,3/26/14,4203,7/19/13,210,6978,,5,5,5,4203,0,0,0,,0,6,CLIFF DR,MARINA DR,246,S,N,A,-,N,,,,,,,,,,Y,3,0,1,1,D,-,0,,,N,F,A,A,A,H,-,C,D,0,,,,,Y,,-,- ,0,1,0,0,0,0,0,0,0,- ,- ,34.40806,-119.756,SANTA BARBARA,SANTA BARBARA,-119.7560208,34.4082002
6185419,2013,3/26/14,4203,7/18/13,1550,4732,,4,5,5,4203,0,0,0,,0,4,CASTILLO ST,RT 101,0,,Y,A,-,Y,SB,5,101,-,R,14.92,R,4,S,Y,4,0,1,2,A,-,12,21453,A,N,D,C,A,A,H,-,A,A,0,,,,,Y,,-,- ,0,0,1,0,0,0,0,0,0,- ,SF,34.2443,-119.4157,SANTA BARBARA,SANTA BARBARA,-119.7105824,34.4183648
6185423,2013,3/26/14,4203,7/16/13,1600,758,SANTA,2,5,5,4203,0,0,0,,0,3,SANTA BARBARA ST,CANON PERDIDO ST,0,,Y,A,-,N,,,,,,,,,,Y,3,0,4,3,A,-,12,21453,A,N,D,C,A,A,H,-,A,A,0,,,,,Y,,-,- ,0,1,3,0,0,0,0,0,0,- ,- ,34.2519,-119.4149,SANTA BARBARA,SANTA BARBARA,-119.6983024,34.4227149
6185427,2013,3/26/14,4203,7/16/13,1535,2661,SANTA,2,5,5,4203,0,0,0,,0,2,CASTILLO ST,MASON ST,78,S,N,A,-,N,,,,,,,,,,Y,4,0,2,2,A,-,3,22350,,N,C,C,A,A,H,-,A,D,0,,,,,Y,,-,- ,0,0,2,0,0,0,0,0,0,- ,- ,34.2431,-119.414,SANTA BARBARA,SANTA BARBARA,-119.6947202,34.4087117
6185431,2013,3/26/14,4203,7/25/13,1901,3769,,4,5,5,4203,0,0,0,,0,4,CARRILLO ST,BATH ST,131,E,N,A,-,N,,,,,,,,,,N,3,0,1,2,D,-,0,,,N,B,G,A,A,H,-,A,D,0,,Y,,,Y,,-,- ,0,1,0,0,0,0,1,0,0,- ,- ,34.25721,-119.42182,SANTA BARBARA,SANTA BARBARA,-119.7050211,34.4186214
6185905,2013,3/20/14,9760,8/3/13,1915,19819,,6,2,5,4203,0,1,2,,2,11,RT 101,CARRILLO ST,528,N,N,A,-,Y,SB,5,101,-,R,14.9,H,-,N,Y,4,0,1,2,A,-,1,23152,A,N,B,C,A,A,H,-,A,D,1,,,,,Y,Y,A,8,0,0,1,0,0,0,0,0,0,- ,- ,34.41812,-119.71012,SANTA BARBARA,SANTA BARBARA,-119.7101911,34.4182989
6185909,2013,3/20/14,9760,8/22/13,830,14690,,4,1,5,4203,0,1,2,,2,11,RT 101,CASTILLO ST,150,N,N,A,-,Y,SB,5,101,-,R,14.24,H,-,N,N,3,0,1,1,C,-,18,,,N,E,J,A,A,H,-,A,D,1,,,Y,,Y,,-,- ,0,1,0,0,0,0,0,0,1,- ,- ,34.41321,-119.70307,SANTA BARBARA,SANTA BARBARA,-119.7017173,34.4126321
6191524,2013,3/18/14,4203,7/29/13,1300,6118,,1,5,5,4203,0,0,0,,0,3,OLIVE ST,E COTA ST,0,,Y,A,-,N,,,,,,,,,,N,3,0,1,2,D,-,0,,,F,C,G,A,A,H,-,A,A,0,,Y,,,Y,,-,- ,0,1,0,0,0,0,1,0,0,- ,- ,34.42308,-119.69111,SANTA BARBARA,SANTA BARBARA,-119.6911423,34.4230848
6191599,2013,3/18/14,4203,7/30/13,1829,6110,,2,5,5,4203,0,0,0,,0,6,RT 225,CALLE REAL,0,,Y,A,-,Y,,,,,,,,,,N,4,0,1,2,A,-,3,22350,,N,C,C,A,A,H,-,A,A,0,,,,,Y,,-,- ,0,0,1,0,0,0,0,0,0,- ,- ,34.43,-119.73,SANTA BARBARA,SANTA BARBARA,,
6197462,2013,3/27/14,4203,8/6/13,1550,6967,SBPD,2,5,5,4203,0,0,0,,0,2,MILPAS ST,CABRILLO BL,36,N,N,A,-,N,,,,,,,,,,N,4,0,1,2,A,-,3,22350,,N,C,C,A,A,H,-,A,A,0,,,,,Y,,-,- ,0,0,1,0,0,0,0,0,0,- ,- ,34.2501,-119.402,SANTA BARBARA,SANTA BARBARA,-119.672341,34.4168711
6197469,2013,3/27/14,4203,8/1/13,1758,2520,4203,4,5,5,4203,0,0,0,,0,4,STATE ST,CANON PERDIDO ST,0,,Y,A,-,N,,,,,,,,,,N,4,0,1,2,A,-,3,22350,,N,C,C,A,A,H,-,A,A,0,,,,,Y,,-,- ,0,0,1,0,0,0,0,0,0,- ,- ,34.4161,-119.6923,SANTA BARBARA,SANTA BARBARA,-119.7005824,34.4205849
6197473,2013,3/27/14,4203,8/1/13,1811,5726,SANTA,4,5,5,4203,0,0,0,,0,4,MICHELTORENA ST,CHAPALA ST,0,,Y,A,-,N,,,,,,,,,,Y,4,0,1,2,A,-,- ,,,N,D,C,A,A,H,-,A,A,0,,,,,Y,,-,- ,0,0,1,0,0,0,0,0,0,- ,- ,34.25304,-119.42339,SANTA BARBARA,SANTA BARBARA,-119.7094224,34.4251349
6197477,2013,3/27/14,4203,8/7/13,1848,6495,,3,5,5,4203,0,0,0,,0,4,HALEY ST,BATH ST,12,W,N,A,-,N,,,,,,,,,,N,2,0,2,3,A,-,10,21950,A,N,G,B,B,A,H,-,A,A,0,Y,,,,Y,,-,- ,1,0,1,0,2,0,0,0,0,- ,- ,34.25504,-119.43263,SANTA BARBARA,SANTA BARBARA,-119.6989278,34.4136494
6197481,2013,3/27/14,4203,8/2/13,1727,6495,,5,5,5,4203,0,0,0,,0,4,BATH ST,CANON PERDIDO ST,60,N,N,A,-,N,,,,,,,,,,Y,3,0,2,1,A,-,3,22350,,N,E,J,A,A,H,-,A,D,0,,,,,Y,,-,- ,0,2,0,0,0,0,0,0,0,- ,- ,34.25313,-119.4204,SANTA BARBARA,SANTA BARBARA,-119.7041318,34.4174935
6197485,2013,3/27/14,4203,8/2/13,750,2386,,5,5,5,4203,0,0,0,,0,1,STANWOOD DR,CONEJO RD,1320,W,N,B,-,Y,SB,5,192,-,-,5.63,H,-,W,Y,4,0,1,1,A,-,8,22107,,N,E,I,A,A,H,-,A,A,0,,,,,Y,,-,- ,0,0,1,0,0,0,0,0,0,- ,- ,34.26489,-119.40429,SANTA BARBARA,SANTA BARBARA,-119.6782976,34.4468852