CASE_ID,ACCIDENT_YEAR,PROC_DATE,JURIS,COLLISION_DATE,COLLISION_TIME,OFFICER_ID,REPORTING_DISTRICT,DAY_OF_WEEK,CHP_SHIFT,POPULATION,CNTY_CITY_LOC,SPECIAL_COND,BEAT_TYPE,CHP_BEAT_TYPE,CITY_DIVISION_LAPD,CHP_BEAT_CLASS,BEAT_NUMBER,PRIMARY_RD,SECONDARY_RD,DISTANCE,DIRECTION,INTERSECTION,WEATHER_1,WEATHER_2,STATE_HWY_IND,CALTRANS_COUNTY,CALTRANS_DISTRICT,STATE_ROUTE,ROUTE_SUFFIX,POSTMILE_PREFIX,POSTMILE,LOCATION_TYPE,RAMP_INTERSECTION,SIDE_OF_HWY,TOW_AWAY,COLLISION_SEVERITY,NUMBER_KILLED,NUMBER_INJURED,PARTY_COUNT,PRIMARY_COLL_FACTOR,PCF_CODE_OF_VIOL,PCF_VIOL_CATEGORY,PCF_VIOLATION,PCF_VIOL_SUBSECTION,HIT_AND_RUN,TYPE_OF_COLLISION,MVIW,PED_ACTION,ROAD_SURFACE,ROAD_COND_1,ROAD_COND_2,LIGHTING,CONTROL_DEVICE,CHP_ROAD_TYPE,PEDESTRIAN_ACCIDENT,BICYCLE_ACCIDENT,MOTORCYCLE_ACCIDENT,TRUCK_ACCIDENT,NOT_PRIVATE_PROPERTY,ALCOHOL_INVOLVED,STWD_VEHTYPE_AT_FAULT,CHP_VEHTYPE_AT_FAULT,COUNT_SEVERE_INJ,COUNT_VISIBLE_INJ,COUNT_COMPLAINT_PAIN,COUNT_PED_KILLED,COUNT_PED_INJURED,COUNT_BICYCLIST_KILLED,COUNT_BICYCLIST_INJURED,COUNT_MC_KILLED,COUNT_MC_INJURED,PRIMARY_RAMP,SECONDARY_RAMP,LATITUDE,LONGITUDE,COUNTY,CITY,POINT_X,POINT_Y
6792563,2015,10/28/16,9760,1/14/15,1735,18754,,3,2,5,4203,0,1,2,,2,20,RT 101,HOPE AV,200,S,N,A,-,Y,SB,5,101,-,-,17.4,H,-,N,Y,4,0,1,2,A,-,3,22350,,N,C,C,A,A,H,-,C,D,1,,,,,Y,,A,1,0,0,1,0,0,0,0,0,0,- ,- ,,,SANTA BARBARA,SANTA BARBARA,-119.7467576,34.43278443
6792565,2015,10/28/16,9760,1/11/15,1240,19831,,7,1,5,4203,0,1,2,,2,11,RT 101,MICHELTORENA ST PED OC,113,N,N,B,-,Y,SB,5,101,-,R,15.08,H,-,S,Y,4,0,1,2,A,-,3,22350,,N,C,C,A,A,H,-,A,D,1,,,,,Y,,A,1,0,0,1,0,0,0,0,0,0,- ,- ,34.4192,-119.71163,SANTA BARBARA,SANTA BARBARA,-119.7116598,34.41907311
6792567,2015,10/28/16,9760,1/19/15,1530,14690,,1,2,5,4203,0,1,2,,2,11,RT 101,CACIQUE ST,35,N,N,A,-,Y,SB,5,101,-,-,12.67,H,-,S,N,4,0,1,2,A,-,3,22350,,N,C,C,A,A,H,-,A,D,1,,,,,Y,,A,1,0,0,1,0,0,0,0,0,0,- ,- ,34.42062,-119.67553,SANTA BARBARA,SANTA BARBARA,-119.6758092,34.42033739
6803005,2015,2/26/15,4203,1/31/15,259,7568,,6,5,5,4203,0,0,0,,0,1,JIMENO RD,LARGURA PL,320,S,N,A,-,N,,,,,,,,,,Y,4,0,1,1,A,-,1,23152,,N,E,I,A,A,H,-,D,D,0,,,,,Y,Y,-,,0,0,1,0,0,0,0,0,0,- ,- ,34.26071,-119.41537,SANTA BARBARA,SANTA BARBARA,-119.6984543,34.43557893
6803006,2015,10/28/16,4203,1/21/15,954,2602,4203,3,5,5,4203,0,0,0,,0,2,COAST VILLAGE RD,RT 101,0,,Y,A,-,Y,SB,5,101,-,-,10.34,R,4,S,N,3,0,1,2,A,-,9,21800,,N,D,G,A,A,H,-,A,A,0,,Y,,,Y,,-,,0,1,0,0,0,0,1,0,0,- ,- ,34.421,-119.639,SANTA BARBARA,SANTA BARBARA,-119.6368626,34.42213729
6803007,2015,2/26/15,4203,1/28/15,1746,6969,,3,5,5,4203,0,0,0,,0,3,ANACAPA ST,E ANAPAMU ST,0,,Y,A,-,N,,,,,,,,,,N,4,0,1,2,A,-,3,22350,,N,C,C,A,A,H,-,C,A,0,,,,,Y,,-,,0,0,1,0,0,0,0,0,0,- ,- ,34.2559,-119.4135,SANTA BARBARA,SANTA BARBARA,-119.7032799,34.42447007
6803008,2015,2/26/15,4203,1/18/15,1200,6970,,7,5,5,4203,0,0,0,,0,3,SANTA BARBARA ST,SOLA ST,48,N,N,A,-,N,,,,,,,,,,Y,3,0,1,4,A,-,7,21658,A,N,B,C,A,A,H,-,A,A,0,,,,,Y,,-,,0,1,0,0,0,0,0,0,0,- ,- ,34.25318,-119.42028,SANTA BARBARA,SANTA BARBARA,-119.7048703,34.42747621
6805528,2015,3/18/15,4203,1/24/15,1841,3597,,6,5,5,4203,0,0,0,,0,6,CLIFF DR,LA MARINA,0,,Y,A,-,N,,,,,,,,,,Y,3,0,2,2,A,-,1,23152,A,N,D,C,A,A,H,-,C,A,0,,,,,Y,Y,-,,0,1,1,0,0,0,0,0,0,- ,- ,34.21102,-119.4228,SANTA BARBARA,SANTA BARBARA,-119.7081299,34.4027001
6806928,2015,3/2/15,4203,1/21/15,1535,6700,12,3,5,5,4203,0,0,0,,0,2,CABRILLO BL,HELENA AV,0,,Y,A,-,N,,,,,,,,,,,3,0,1,2,A,-,9,21801,A,N,D,G,A,A,H,-,A,D,0,,Y,,,Y,,A,7,0,1,0,0,0,0,1,0,0,- ,- ,34.24461,-119.41192,SANTA BARBARA,SANTA BARBARA,-119.68856,34.41276005
6809953,2015,3/5/15,4203,1/23/15,1903,6377,,5,5,5,4203,0,0,0,,0,1,W ANAPAMU ST,OLIVE ST,0,,Y,A,-,N,,,,,,,,,,Y,4,0,1,2,D,-,0,,,F,-,C,A,A,H,-,C,A,0,,,,,Y,Y,-,- ,0,0,1,0,0,0,0,0,0,- ,- ,34.4286,-119.6988,SANTA BARBARA,SANTA BARBARA,-119.6987699,34.42871004
6809957,2015,3/18/15,4203,1/26/15,1339,6700,17,1,5,5,4203,0,0,0,,0,6,SAN CLEMENTE AV,CALLE BREVO,0,,Y,B,-,N,,,,,,,,,,Y,4,0,1,2,A,-,9,21800,B,N,D,C,A,A,H,-,A,D,0,,,,,Y,,A,1,0,0,1,0,0,0,0,0,0,- ,- ,34.23564,-119.42246,SANTA BARBARA,SANTA BARBARA,-119.70682,34.39906
6809961,2015,3/5/15,4203,1/23/15,1344,2661,,5,5,5,4203,0,0,0,,0,2,CABRILLO BL,CHAPALA ST,0,,Y,A,-,N,,,,,,,,,,N,4,0,1,2,A,-,8,22100,A,N,B,G,A,A,H,-,A,A,0,,Y,,,Y,,-,,0,0,1,0,0,0,1,0,0,- ,- ,34.2439,-119.4126,SANTA BARBARA,SANTA BARBARA,-119.6903299,34.41119006
6812215,2015,10/28/16,9760,1/30/15,2105,20511,,5,2,5,4203,0,1,2,,2,11,RT 101,CASTILLO ST,80,N,N,A,-,Y,SB,5,101,-,-,3.04,H,-,S,Y,4,0,1,1,A,-,3,22350,,N,F,A,A,B,H,-,C,D,1,,,Y,,Y,,C,2,0,0,1,0,0,0,0,0,1,- ,- ,34.41187,-119.69919,SANTA BARBARA,SANTA BARBARA,-119.5162616,34.4009347
6813357,2015,10/28/16,9760,1/24/15,1755,20511,,6,2,5,4203,0,1,2,,2,11,RT 101,MISSION ST,400,N,N,A,-,Y,SB,5,101,-,-,15.83,H,-,S,Y,4,0,2,3,A,-,3,22350,,N,C,C,A,A,H,-,C,D,1,,,,,Y,,A,1,0,0,2,0,0,0,0,0,0,- ,- ,34.42681,-119.72764,SANTA BARBARA,SANTA BARBARA,-119.7214054,34.42569773
6814926,2015,4/20/15,4203,3/16/15,1447,6700,42,1,5,5,4203,0,0,0,,0,3,ANAPAMU ST,ANACAPA ST,100,W,N,A,-,N,,,,,,,,,,N,4,0,1,2,A,-,11,21954,A,N,G,B,E,A,H,-,A,D,0,Y,,,,Y,,N,60,0,0,1,0,1,0,0,0,0,- ,- ,34.25271,-119.4213,SANTA BARBARA,SANTA BARBARA,-119.7035008,34.42426527
6816743,2015,3/5/15,4203,2/2/15,1949,2736,,1,5,5,4203,0,0,0,,0,6,CLIFF DR,FELLOWSHIP RD,140,E,N,A,-,N,,,,,,,,,,Y,3,0,2,2,A,-,3,22350,,N,C,C,A,A,H,-,C,D,0,,,,,Y,,-,,0,1,1,0,0,0,0,0,0,- ,- ,34.24105,-119.43398,SANTA BARBARA,SANTA BARBARA,-119.7276403,34.40287785
6816747,2015,3/5/15,4203,2/3/15,1828,6972,,2,5,5,4203,0,0,0,,0,3,SANTA BARBARA ST,E MICHELTORENA ST,0,,Y,A,-,N,,,,,,,,,,Y,4,0,2,2,A,-,12,21453,A,N,D,C,A,A,H,-,C,A,0,,,,,Y,,-,,0,0,2,0,0,0,0,0,0,- ,- ,34.25419,-119.42217,SANTA BARBARA,SANTA BARBARA,-119.7060199,34.42830005
6817092,2015,3/2/15,4203,1/31/15,2328,9018,,6,5,5,4203,0,0,0,,0,1,SALINAS ST,SALINAS PL,0,,Y,A,-,N,,,,,,,,,,Y,4,0,1,2,D,-,0,,,F,D,D,A,A,H,-,C,D,0,,,,,Y,,-,- ,0,0,1,0,0,0,0,0,0,- ,- ,34.25378,-119.40254,SANTA BARBARA,SANTA BARBARA,-119.6736299,34.42705002
6817096,2015,3/2/15,4203,1/30/15,1856,6983,,5,5,5,4203,0,0,0,,0,3,VICTORIA ST,ANAPAMU ST,210,E,N,A,-,N,,,,,,,,,,Y,3,0,2,2,A,-,3,22350,,N,C,C,A,A,H,-,C,A,0,,,,,Y,,-,,0,1,1,0,0,0,0,0,0,- ,- ,34.2431,-119.3658,SANTA BARBARA,SANTA BARBARA,,
6819112,2015,10/28/16,9760,2/7/15,1130,19831,,6,1,5,4203,0,1,2,,2,11,RT 101,LAS POSITAS RD,478,S,N,B,C,Y,SB,5,101,-,-,16.46,H,-,N,Y,4,0,1,3,A,-,3,22350,,N,E,I,A,B,H,-,A,D,1,,,,,Y,,A,7,0,0,1,0,0,0,0,0,0,- ,- ,34.42707,-119.72802,SANTA BARBARA,SANTA BARBARA,-119.7321506,34.42780024
6821486,2015,3/9/15,4203,2/9/15,1418,90355,68,1,5,5,4203,0,0,0,,0,3,MILLER,PLAZA DR,4,S,N,A,-,N,,,,,,,,,,Y,4,0,1,2,A,-,9,21801,,N,D,C,A,A,H,-,A,A,0,,,,,Y,,A,1,0,0,1,0,0,0,0,0,0,- ,- ,,,SANTA BARBARA,SANTA BARBARA,-120.4315903,34.93733902
6824521,2015,10/28/16,9760,2/4/15,1630,12518,,3,2,5,4203,0,1,2,,2,11,RT 101,JUNIPERO ST,50,S,N,A,-,Y,SB,5,101,-,-,16.22,H,-,S,Y,4,0,1,3,A,-,3,22350,,N,C,C,A,A,H,-,A,D,1,,,,,Y,,A,1,0,0,1,0,0,0,0,0,0,- ,- ,34.42703,-119.72797,SANTA BARBARA,SANTA BARBARA,-119.7279772,34.4269047
6824524,2015,10/28/16,9760,2/6/15,1710,19397,,5,2,5,4203,0,1,2,,2,11,RT 101,MILPAS ST,1056,N,N,A,-,Y,SB,5,101,-,-,12.97,H,-,S,Y,4,0,1,4,A,-,3,22350,,N,C,C,A,A,H,-,A,D,1,,,,,Y,,A,1,0,0,1,0,0,0,0,0,0,- ,- ,34.259,-119.4048,SANTA BARBARA,SANTA BARBARA,-119.6809218,34.41999418
6824525,2015,10/28/16,9760,2/9/15,1656,17603,,1,2,5,4203,0,1,2,,2,11,RT 101,CABRILLO BL,1584,N,N,A,-,Y,SB,5,101,-,-,11.76,H,-,S,Y,4,0,1,2,A,-,3,22350,,N,C,C,A,A,H,-,A,D,1,,,Y,,Y,,C,2,0,0,1,0,0,0,0,0,1,- ,- ,,,SANTA BARBARA,SANTA BARBARA,-119.6604208,34.42280163
6824526,2015,10/28/16,9760,2/13/15,1500,18019,,5,2,5,4203,0,1,2,,2,11,RT 101,MILPAS ST,266,N,N,A,-,Y,SB,5,101,-,-,12.82,H,-,S,N,4,0,2,2,A,-,3,22350,,N,C,C,A,A,H,-,A,D,1,,,,,Y,,A,7,0,0,2,0,0,0,0,0,0,- ,- ,34.41584,-119.67983,SANTA BARBARA,SANTA BARBARA,-119.6783306,34.42025101
6826213,2015,3/11/15,4203,2/9/15,113,6377,,1,5,5,4203,0,0,0,,0,3,GARDEN ST,E HALEY ST,0,,Y,C,-,N,,,,,,,,,,Y,3,0,1,2,A,-,12,21453,A,N,-,D,A,B,H,-,C,A,0,,,,,Y,,-,,0,1,0,0,0,0,0,0,0,- ,- ,34.42,-119.6921,SANTA BARBARA,SANTA BARBARA,-119.6921199,34.42001
6831318,2015,3/17/15,4203,2/10/15,1317,6700,43,2,5,5,4203,0,0,0,,0,3,HALEY ST,SANTA BARBARA ST,38,W,N,A,-,N,,,,,,,,,,Y,3,0,1,2,A,-,3,22350,,N,C,C,A,A,H,-,A,A,0,,,Y,,Y,,C,3,0,1,0,0,0,0,0,0,1,- ,- ,34.2579,-119.4136,SANTA BARBARA,SANTA BARBARA,-119.6933103,34.41887966
6831450,2015,3/18/15,4203,2/25/15,801,6700,46,3,5,5,4203,0,0,0,,0,3,MICHELTORENA ST,SANTA BARBARA ST,5,E,N,A,-,N,,,,,,,,,,N,4,0,1,2,A,-,8,22107,,N,G,B,D,A,H,-,A,A,0,Y,,,,Y,,D,23,0,0,1,0,1,0,0,0,0,- ,- ,34.25422,-119.42217,SANTA BARBARA,SANTA BARBARA,-119.7060094,34.42831057
6831604,2015,3/19/15,4203,2/22/15,1821,6972,,7,5,5,4203,0,0,0,,0,1,N MILPAS ST,MASON ST,250,S,N,C,-,N,,,,,,,,,,N,3,0,1,2,D,-,0,,,M,C,G,A,B,H,-,C,-,0,,Y,,,Y,,-,- ,0,1,0,0,0,0,1,0,0,- ,- ,34.25194,-119.40463,SANTA BARBARA,SANTA BARBARA,-119.6795499,34.42210493
6831608,2015,2/16/16,4203,2/20/15,2043,7774,,5,5,5,4203,0,0,0,,0,5,LAS POSITAS RD,CALLE REAL,0,,Y,A,-,N,,,,,,,,,,Y,3,0,4,2,A,-,12,21453,A,N,D,D,A,A,H,-,C,A,0,,,,,Y,,-,,0,1,3,0,0,0,0,0,0,- ,- ,34.25428,-119.44019,SANTA BARBARA,SANTA BARBARA,-119.7337399,34.42859002
6831612,2015,3/18/15,4203,2/21/15,2153,7570,,6,5,5,4203,0,0,0,,0,5,STATE ST,HOPE AV,124,W,N,A,-,N,,,,,,,,,,N,4,0,1,2,D,-,0,,,F,C,G,A,A,H,-,C,D,0,,Y,,,Y,,-,- ,0,0,1,0,0,0,1,0,0,- ,- ,34.44047,-119.748,SANTA BARBARA,SANTA BARBARA,-119.7471309,34.44048332
6831616,2015,3/19/15,4203,2/19/15,1635,6983,,4,5,5,4203,0,0,0,,0,1,SALINAS ST,SALINAS PL,0,,Y,A,-,N,,,,,,,,,,Y,4,0,1,2,A,-,9,21801,A,N,D,C,A,A,H,-,A,D,0,,,,,Y,,-,,0,0,1,0,0,0,0,0,0,- ,- ,34.2537,-119.4024,SANTA BARBARA,SANTA BARBARA,-119.6736299,34.42705002
6831620,2015,3/30/15,4203,2/24/15,1821,6972,,2,5,5,4203,0,0,0,,0,3,GARDEN ST,E CANON PERDIDO ST,0,,Y,A,-,N,,,,,,,,,,Y,4,0,1,2,A,-,9,21800,C,N,D,C,A,A,H,-,C,A,0,,,,,Y,,-,- ,0,0,1,0,0,0,0,0,0,- ,- ,34.25253,-119.41498,SANTA BARBARA,SANTA BARBARA,-119.69718,34.42372009
6831624,2015,10/28/16,4203,2/24/15,2058,3433,,2,5,5,4203,0,0,0,,0,2,CASTILLO ST,RT 101,0,,Y,A,-,Y,SB,5,101,-,-,14.34,R,4,S,N,4,0,1,1,A,-,3,22350,,N,E,I,A,B,A,B,C,A,0,,,,,Y,,A,1,0,0,1,0,0,0,0,0,0,- ,- ,34.24436,-119.41567,SANTA BARBARA,SANTA BARBARA,-119.7015218,34.41235363
6831628,2015,3/18/15,4203,2/25/15,1310,2521,,3,5,5,4203,0,0,0,,0,2,HARBOR WY,SHORELINE DR,0,,Y,A,-,N,,,,,,,,,,N,4,0,1,2,D,-,0,,,F,C,C,A,A,H,-,A,A,0,,,,,Y,,-,- ,0,0,1,0,0,0,0,0,0,- ,- ,34.4,-119.69,SANTA BARBARA,SANTA BARBARA,-119.6949199,34.40422007
6831632,2015,3/27/15,4203,2/19/15,1913,4,4203,4,5,5,4203,0,0,0,,0,4,W MICHELTORENA ST,CHAPALA ST,0,,Y,A,-,N,,,,,,,,,,N,3,0,1,2,A,-,9,21801,A,N,A,C,A,A,H,-,C,A,0,,,,,Y,,-,,0,1,0,0,0,0,0,0,0,- ,- ,34.2529,-119.4233,SANTA BARBARA,SANTA BARBARA,-119.70945,34.42514008
6831644,2015,3/18/15,4203,2/27/15,1458,4732,,5,5,5,4203,0,0,0,,0,3,GARDEN ST,VICTORIA ST,27,N,N,B,-,N,,,,,,,,,,Y,4,0,1,2,A,-,1,23152,A,N,C,C,A,A,H,-,-,A,0,,,,,Y,,-,,0,0,1,0,0,0,0,0,0,- ,- ,34.25392,-119.42908,SANTA BARBARA,SANTA BARBARA,-119.7024447,34.42751117
6831710,2015,9/8/15,4203,2/24/15,1830,7775,,2,5,5,4203,0,0,0,,0,4,DE LA VINA ST,WEST CANON PERDIDO ST,0,,Y,A,-,N,,,,,,,,,,Y,4,0,2,2,A,-,9,21802,A,N,D,C,A,A,H,-,C,D,0,,,,,Y,Y,A,1,0,0,2,0,0,0,0,0,0,- ,- ,34.4184,-119.70285,SANTA BARBARA,SANTA BARBARA,-119.7028499,34.4184
6833778,2015,3/12/15,4203,2/19/15,1414,90272,88,4,5,5,4203,0,0,0,,0,3,BROADWAY,SANTA MARIA WY,200,S,N,A,-,N,,,,,,,,,,Y,4,0,1,2,A,-,3,22350,,N,C,C,A,A,H,-,A,D,0,,,,,Y,,A,1,0,0,1,0,0,0,0,0,0,- ,- ,,,SANTA BARBARA,SANTA BARBARA,,
6834287,2014,6/22/16,9760,12/16/14,1740,17097,,2,2,5,4203,0,1,2,,2,20,RT 101,LAS POSITAS RD,500,N,N,B,-,Y,SB,5,101,-,-,16.64,H,-,N,N,4,0,1,3,A,-,3,22350,,M,C,C,A,B,H,-,D,D,1,,,,,Y,,D,22,0,0,1,0,0,0,0,0,0,- ,- ,34.42858,-119.73847,SANTA BARBARA,SANTA BARBARA,-119.7352175,34.42821897
6834288,2014,6/22/16,9760,11/21/14,1739,18991,,5,2,5,4203,0,1,2,,2,11,RT 101,MICHELTORENA ST,300,N,N,A,-,Y,SB,5,101,-,R,15.33,H,-,S,N,4,0,1,2,A,-,3,22350,,N,C,C,A,A,H,-,D,D,1,,,,,Y,,A,1,0,0,1,0,0,0,0,0,0,- ,- ,34.42134,-119.71479,SANTA BARBARA,SANTA BARBARA,-119.7149198,34.42147022
6834291,2014,6/22/16,9760,11/16/14,1350,19831,,7,1,5,4203,0,1,2,,2,11,RT 101,CABRILLO BL,167,N,N,A,-,Y,SB,5,101,-,-,11.49,H,-,S,Y,4,0,2,1,A,-,8,22107,,N,E,I,A,A,H,-,A,D,1,,,,Y,Y,,F,25,0,0,2,0,0,0,0,0,0,- ,- ,34.42258,-119.65606,SANTA BARBARA,SANTA BARBARA,-119.6558319,34.42263784
6834295,2014,6/22/16,9760,11/2/14,1010,17662,,7,1,5,4203,0,1,2,,2,11,RT 101,ARRELLAGA ST,420,N,N,A,-,Y,SB,5,101,-,R,15.44,H,-,N,Y,4,0,1,2,A,-,3,22350,,N,C,C,A,A,H,-,A,D,1,,,,,Y,,A,1,0,0,1,0,0,0,0,0,0,- ,- ,34.42277,-119.71617,SANTA BARBARA,SANTA BARBARA,-119.7162414,34.42263107
6834296,2014,6/22/16,9760,11/1/14,210,20211,,6,3,5,4203,0,1,2,,2,11,RT 101,SALINAS ST,175,N,N,B,-,Y,SB,5,101,-,-,12.11,H,-,N,Y,3,0,4,2,A,-,3,22350,,N,B,C,A,B,H,-,C,D,1,,,,Y,Y,Y,A,1,0,4,0,0,0,0,0,0,0,- ,- ,34.42113,-119.66711,SANTA BARBARA,SANTA BARBARA,-119.6662414,34.42133049
6834313,2014,5/4/16,9760,9/20/14,1125,19831,,6,1,5,4203,0,1,2,,2,11,RT 101,W MICHELTORENA ST,1082,N,N,A,-,Y,SB,5,101,-,R,15.46,H,-,S,Y,4,0,2,2,A,-,3,22350,,N,C,C,A,A,H,-,A,D,1,,,,,Y,,A,7,0,0,2,0,0,0,0,0,0,- ,- ,34.42281,-119.71663,SANTA BARBARA,SANTA BARBARA,-119.7166224,34.42270719
6835101,2015,2/17/16,4203,2/12/15,1220,9420,,4,5,5,4203,0,0,0,,0,5,S LA CUMBRE RD,CALLE REAL,0,,Y,A,-,N,,,,,,,,,,Y,4,0,1,2,A,-,9,21801,A,N,A,C,A,A,H,-,A,A,0,,,,,Y,,-,,0,0,1,0,0,0,0,0,0,- ,- ,34.26137,-119.45,SANTA BARBARA,SANTA BARBARA,-119.75103,34.4372301
6835102,2015,3/12/15,4203,1/24/15,1444,7193,,6,5,5,4203,0,0,0,,0,1,ALAMEDA PADRE SERRA,GARCIA RD,240,S,N,A,-,N,,,,,,,,,,N,3,0,1,2,A,-,8,22103,,N,-,C,A,A,H,-,A,D,0,,,,,Y,,-,,0,1,0,0,0,0,0,0,0,- ,- ,34.25319,-119.42028,SANTA BARBARA,SANTA BARBARA,-119.6896527,34.43624723
6835103,2015,3/12/15,4203,2/16/15,1708,7570,,1,5,5,4203,0,0,0,,0,6,SAN ANDRES ST,W SOLA ST,0,,Y,B,-,N,,,,,,,,,,N,2,0,1,2,A,-,11,21950,B,N,G,B,D,A,H,-,A,D,0,Y,,,,Y,,N,60,1,0,0,0,1,0,0,0,0,- ,- ,34.41804,-119.7148,SANTA BARBARA,SANTA BARBARA,-119.7148999,34.41782008
6835104,2015,3/12/15,4203,2/7/15,35,2264,,6,5,5,4203,0,0,0,,0,6,CLIFF DR,ARROYO BURRO BEACH LOT,180,W,N,A,-,N,,,,,,,,,,Y,4,0,1,1,A,-,3,22350,,N,B,I,A,A,H,-,D,D,0,,,,,Y,,-,,0,0,1,0,0,0,0,0,0,- ,- ,34.2415,-119.4435,SANTA BARBARA,SANTA BARBARA,,
6835105,2015,3/12/15,4203,2/6/15,1604,6969,,5,5,5,4203,0,0,0,,0,1,N MILPAS ST,E COTA ST,96,N,N,A,-,N,,,,,,,,,,Y,4,0,3,3,A,-,3,22350,,N,C,C,A,A,H,-,A,A,0,,,,,Y,,-,,0,0,3,0,0,0,0,0,0,- ,- ,34.2531,-119.4204,SANTA BARBARA,SANTA BARBARA,-119.6868468,34.42742604
6835744,2014,6/22/16,9760,11/30/14,1315,18019,,7,1,5,4203,0,1,2,,2,10,RT 101,EVANS AV,78,N,N,B,-,Y,SB,5,101,-,R,8.3,H,-,N,N,4,0,1,3,A,-,3,22350,,N,C,C,A,A,H,-,A,D,1,,,,,Y,,A,1,0,0,1,0,0,0,0,0,0,- ,- ,,,SANTA BARBARA,SANTA BARBARA,-119.6020462,34.42133779
6835745,2014,6/22/16,9760,11/28/14,755,19831,,5,1,5,4203,0,1,2,,2,11,RT 101,MILPAS ST,310,S,N,A,-,Y,SB,5,101,-,-,12.56,H,-,N,Y,3,0,2,1,A,-,8,22107,,N,E,I,A,A,H,-,A,D,1,,,,,Y,,A,1,0,1,1,0,0,0,0,0,0,TO,- ,,,SANTA BARBARA,SANTA BARBARA,-119.6739634,34.42007031
6835746,2014,6/22/16,9760,11/29/14,618,17674,,6,1,5,4203,0,1,2,,2,11,RT 101,CASTILLO ST,1800,S,N,A,-,Y,SB,5,101,-,-,13.85,H,-,S,N,4,0,1,2,D,-,0,,,N,B,C,A,A,C,-,B,D,1,,,,,Y,,-,- ,0,0,1,0,0,0,0,0,0,- ,- ,34.41399,-119.69412,SANTA BARBARA,SANTA BARBARA,-119.6937817,34.41437207
6835748,2014,6/22/16,9760,11/23/14,257,19656,,7,3,5,4203,0,1,2,,2,20,RT 101,TURNPIKE RD,820,S,N,A,-,Y,SB,5,101,-,-,19.9,H,-,N,Y,3,0,1,1,A,-,1,23152,A,N,E,I,A,A,H,-,C,D,1,,,,,Y,Y,A,1,0,1,0,0,0,0,0,0,0,- ,- ,,,SANTA BARBARA,SANTA BARBARA,-119.7865388,34.44228555
6835749,2014,6/22/16,9760,11/21/14,815,17674,,5,1,5,4203,0,1,2,,2,20,RT 101,STATE ST,200,S,N,A,-,Y,SB,5,101,-,-,17.93,R,1,N,N,4,0,3,3,A,-,3,22350,,N,C,C,A,A,H,-,A,A,1,,,,,Y,,A,1,0,0,3,0,0,0,0,0,0,- ,- ,34.43929,-119.75383,SANTA BARBARA,SANTA BARBARA,-119.7533067,34.43842748
6835750,2014,6/22/16,9760,11/20/14,1140,14690,,4,1,5,4203,0,1,2,,2,11,RT 101,MISSION ST,5,N,N,B,-,Y,SB,5,101,-,R,15.76,H,-,N,Y,3,0,1,1,A,-,8,22107,,N,E,I,A,A,H,-,A,D,1,,,,,Y,,A,7,0,1,0,0,0,0,0,0,0,- ,- ,34.42547,-119.72047,SANTA BARBARA,SANTA BARBARA,-119.7205419,34.42554096
6835751,2014,6/22/16,9760,11/18/14,1130,12263,,2,1,5,4203,0,1,2,,2,11,RT 101,LAS POSITAS RD,1198,S,N,B,-,Y,SB,5,101,-,-,16.32,R,1,S,Y,4,0,1,2,A,-,3,22350,,N,C,C,A,A,H,-,A,D,1,,,,,Y,,A,1,0,0,1,0,0,0,0,0,0,TO,- ,,,SANTA BARBARA,SANTA BARBARA,-119.7297318,34.42716219
6835756,2014,6/22/16,9760,11/13/14,1715,18754,,4,2,5,4203,0,1,2,,2,11,RT 101,MICHELTORENA ST,500,S,N,A,-,Y,SB,5,101,-,R,15.18,H,-,S,Y,4,0,1,2,A,-,3,22350,,N,C,C,A,A,H,-,C,D,1,,,,,Y,,A,1,0,0,1,0,0,0,0,0,0,- ,- ,34.42169,-119.71535,SANTA BARBARA,SANTA BARBARA,-119.7129557,34.42003991
6835759,2014,6/22/16,9760,11/10/14,1940,18754,,1,2,5,4203,0,1,2,,2,11,RT 101,WEST CANON PERDIDO,500,S,N,A,-,Y,SB,5,101,-,R,14.42,H,-,N,Y,4,0,1,2,A,-,7,21658,A,N,B,C,A,A,H,-,C,D,1,,,,,Y,,A,1,0,0,1,0,0,0,0,0,0,- ,- ,,,SANTA BARBARA,SANTA BARBARA,-119.7034675,34.41332598
6835760,2014,6/22/16,9760,11/8/14,30,20029,9760,6,3,5,4203,0,1,2,,2,11,RT 101,TREASURE DR,116,N,N,A,-,Y,SB,5,101,-,-,16.31,H,-,N,Y,3,0,1,1,A,-,1,23152,A,N,E,I,A,A,H,-,C,D,1,,,,,Y,Y,A,1,0,1,0,0,0,0,0,0,0,- ,- ,,,SANTA BARBARA,SANTA BARBARA,-119.729536,34.42726481
6839751,2015,4/1/15,4203,2/12/15,1936,1436,,4,5,5,4203,0,0,0,,0,4,STATE ST,E SOLA ST,0,,Y,A,-,N,,,,,,,,,,N,4,0,1,2,A,-,12,21453,A,N,D,C,A,A,H,-,C,A,0,,,,,Y,,-,- ,0,0,1,0,0,0,0,0,0,- ,- ,34.42535,-119.7071,SANTA BARBARA,SANTA BARBARA,-119.70703,34.42524007