CASE_ID,ACCIDENT_YEAR,PROC_DATE,JURIS,COLLISION_DATE,COLLISION_TIME,OFFICER_ID,REPORTING_DISTRICT,DAY_OF_WEEK,CHP_SHIFT,POPULATION,CNTY_CITY_LOC,SPECIAL_COND,BEAT_TYPE,CHP_BEAT_TYPE,CITY_DIVISION_LAPD,CHP_BEAT_CLASS,BEAT_NUMBER,PRIMARY_RD,SECONDARY_RD,DISTANCE,DIRECTION,INTERSECTION,WEATHER_1,WEATHER_2,STATE_HWY_IND,CALTRANS_COUNTY,CALTRANS_DISTRICT,STATE_ROUTE,ROUTE_SUFFIX,POSTMILE_PREFIX,POSTMILE,LOCATION_TYPE,RAMP_INTERSECTION,SIDE_OF_HWY,TOW_AWAY,COLLISION_SEVERITY,NUMBER_KILLED,NUMBER_INJURED,PARTY_COUNT,PRIMARY_COLL_FACTOR,PCF_CODE_OF_VIOL,PCF_VIOL_CATEGORY,PCF_VIOLATION,PCF_VIOL_SUBSECTION,HIT_AND_RUN,TYPE_OF_COLLISION,MVIW,PED_ACTION,ROAD_SURFACE,ROAD_COND_1,ROAD_COND_2,LIGHTING,CONTROL_DEVICE,CHP_ROAD_TYPE,PEDESTRIAN_ACCIDENT,BICYCLE_ACCIDENT,MOTORCYCLE_ACCIDENT,TRUCK_ACCIDENT,NOT_PRIVATE_PROPERTY,ALCOHOL_INVOLVED,STWD_VEHTYPE_AT_FAULT,CHP_VEHTYPE_AT_FAULT,COUNT_SEVERE_INJ,COUNT_VISIBLE_INJ,COUNT_COMPLAINT_PAIN,COUNT_PED_KILLED,COUNT_PED_INJURED,COUNT_BICYCLIST_KILLED,COUNT_BICYCLIST_INJURED,COUNT_MC_KILLED,COUNT_MC_INJURED,PRIMARY_RAMP,SECONDARY_RAMP,LATITUDE,LONGITUDE,COUNTY,CITY,POINT_X,POINT_Y
6839759,2015,10/28/16,4203,2/25/15,342,2661,,3,5,5,4203,0,0,0,,0,6,MISSION ST,RT 101,0,,Y,A,-,Y,SB,5,101,-,R,15.64,R,1,N,Y,3,0,1,2,A,-,12,21453,A,N,A,C,A,A,H,-,A,A,0,,,,,Y,,-,,0,1,0,0,0,0,0,0,0,- ,- ,34.252,-119.4313,SANTA BARBARA,SANTA BARBARA,-119.7188624,34.42454884
6839922,2015,3/21/15,4203,3/4/15,1927,3597,,3,5,5,4203,0,0,0,,0,6,SAN ANDRES ST,VICTORIA ST,45,S,N,A,-,N,,,,,,,,,,Y,4,0,1,2,A,-,8,22107,,N,C,E,A,A,H,-,C,D,0,,,,,Y,Y,-,,0,0,1,0,0,0,0,0,0,- ,- ,34.25315,-119.42026,SANTA BARBARA,SANTA BARBARA,-119.713518,34.41682841
6839926,2015,2/16/16,4203,3/4/15,1455,2661,,3,5,5,4203,0,0,0,,0,1,CANON PERDIDO ST,SPRING ST,70,W,N,A,-,N,,,,,,,,,,N,3,0,1,1,A,-,3,22350,,N,F,I,A,A,H,-,A,D,0,,Y,,,Y,,L,4,0,1,0,0,0,0,1,0,0,- ,- ,34.2547,-119.4124,SANTA BARBARA,SANTA BARBARA,-119.6899928,34.43040539
6839934,2015,2/16/16,4203,3/2/15,717,6700,43,1,5,5,4203,0,0,0,,0,3,GUTIERREZ ST,GARDEN ST,0,,Y,A,-,N,,,,,,,,,,Y,4,0,3,2,A,-,12,21453,A,N,D,C,A,A,H,-,A,A,0,,,,,Y,,-,- ,0,0,3,0,0,0,0,0,0,- ,- ,34.25854,-119.41271,SANTA BARBARA,SANTA BARBARA,-119.69078,34.4190801
6839938,2015,4/7/15,4203,3/3/15,2246,2661,,2,5,5,4203,0,0,0,,0,1,CACIQUE ST,MILPAS ST,135,W,N,A,-,N,,,,,,,,,,Y,3,0,1,2,A,-,9,21801,A,N,D,C,A,A,H,-,A,D,0,,,,,Y,,-,- ,0,1,0,0,0,0,0,0,0,- ,- ,34.258,-119.4037,SANTA BARBARA,SANTA BARBARA,-119.676637,34.41948572
6839979,2015,3/21/15,4203,3/5/15,1229,2661,,4,5,5,4203,0,0,0,,0,2,CABRILLO BL,STATE ST,0,,Y,A,-,N,,,,,,,,,,Y,3,0,1,2,A,-,8,22101,D,N,A,C,A,A,D,-,A,A,0,,,,,Y,,-,,0,1,0,0,0,0,0,0,0,- ,- ,34.2441,-119.4121,SANTA BARBARA,SANTA BARBARA,-119.6891899,34.41218009
6839983,2015,3/27/15,4203,3/5/15,1852,6969,,4,5,5,4203,0,0,0,,0,2,SHORELINE DR,LOMA ALTA DR,0,,Y,A,-,N,,,,,,,,,,Y,4,0,2,2,A,-,9,21801,A,N,A,C,A,A,H,-,B,A,0,,,,,Y,Y,-,,0,0,2,0,0,0,0,0,0,- ,- ,34.2412,-119.4152,SANTA BARBARA,SANTA BARBARA,-119.69774,34.40320004
6839991,2015,4/13/16,4203,3/8/15,1403,5726,SANTA,7,5,5,4203,0,0,0,,0,6,CLIFF DR,TERRACE RD,0,,Y,A,-,N,,,,,,,,,,N,4,0,2,2,A,-,8,22103,,N,B,C,A,A,H,-,A,D,0,,,,,Y,,-,,0,0,2,0,0,0,0,0,0,- ,- ,34.24054,-119.42415,SANTA BARBARA,SANTA BARBARA,-119.7115199,34.40152008
6839995,2015,3/21/15,4203,3/7/15,1927,1959,,6,5,5,4203,0,0,0,,0,2,CABRILLO BL,CLARK ESTATE DRWY,30,N,N,A,-,N,,,,,,,,,,Y,3,0,1,1,A,-,0,23103,,N,F,I,A,A,H,-,C,A,0,,,,,Y,,-,,0,1,0,0,0,0,0,0,0,- ,- ,34.25565,-119.39451,SANTA BARBARA,SANTA BARBARA,,
6843516,2014,3/25/15,9760,12/18/14,815,19831,,4,1,5,4203,0,3,5,,2,2,CALLE REAL,OLD MILL RD,0,,Y,B,-,N,,,,,,,,,,Y,4,0,3,2,A,-,17,21461,A,N,D,C,A,B,H,-,A,A,0,,,,,Y,,A,7,0,0,3,0,0,0,0,0,0,- ,- ,34.44145,-119.7647,SANTA BARBARA,SANTA BARBARA,-119.7646499,34.44131007
6843550,2014,6/22/16,9760,10/31/14,2145,19656,,5,2,5,4203,0,1,2,,2,11,RT 101,OLIVE MILL RD,1100,N,N,C,-,Y,SB,5,101,-,-,10.75,H,-,S,Y,4,0,1,2,A,-,3,22350,,N,B,C,A,B,F,-,D,D,1,,,,,Y,,A,7,0,0,1,0,0,0,0,0,0,- ,- ,34.41947,-119.6442,SANTA BARBARA,SANTA BARBARA,-119.6434618,34.41966631
6843586,2014,6/22/16,9760,10/24/14,1145,18491,,5,1,5,4203,0,1,2,,2,11,RT 101,CABRILLO BL,1100,S,N,A,-,Y,SB,5,101,-,-,11.18,H,-,N,Y,4,0,1,2,A,-,3,22350,,N,C,C,A,A,H,-,A,D,1,,,,,Y,,A,7,0,0,1,0,0,0,0,0,0,- ,- ,34.42112,-119.64985,SANTA BARBARA,SANTA BARBARA,-119.6506625,34.42143578
6847605,2015,3/25/15,4203,2/17/15,757,6700,60,2,5,5,4203,0,0,0,,0,1,HALEY ST,QUARANTINA ST,3,W,N,B,-,N,,,,,,,,,,N,4,0,1,2,A,-,3,22350,,N,C,C,A,A,H,-,A,D,0,,,,,Y,,A,7,0,0,1,0,0,0,0,0,0,- ,- ,34.25269,-119.41156,SANTA BARBARA,SANTA BARBARA,-119.6876265,34.42422376
6847766,2015,3/24/15,4203,3/10/15,1347,6700,67,2,5,5,4203,0,0,0,,0,1,MILPAS ST,CANON PERDIDO ST,150,N,N,B,-,N,,,,,,,,,,N,3,0,1,2,A,-,9,21804,A,N,D,G,A,A,H,-,A,D,0,,Y,,,Y,,D,22,0,1,0,0,0,0,1,0,0,- ,- ,34.25492,-119.41272,SANTA BARBARA,SANTA BARBARA,-119.6907767,34.43028863
6847770,2015,3/24/15,4203,3/9/15,832,6700,30,1,5,5,4203,0,0,0,,0,4,COTTAGE GROVE AV,DE LA VINA ST,161,W,N,B,-,N,,,,,,,,,,Y,4,0,1,5,A,-,9,21804,A,N,D,C,A,A,H,-,A,D,0,,,,,Y,,D,22,0,0,1,0,0,0,0,0,0,- ,- ,34.24491,-119.41501,SANTA BARBARA,SANTA BARBARA,-119.6972117,34.4136951
6847806,2015,3/23/15,4203,3/10/15,1358,2661,,2,5,5,4203,0,0,0,,0,6,MODOC RD,VISTA DEL MONTE RETIREMENT COMMUNITY EAST DRIVEWAY,215,W,N,A,-,N,,,,,,,,,,N,2,0,1,2,A,-,17,21209,A,N,C,G,A,A,H,-,A,D,0,,Y,,,Y,,-,,1,0,0,0,0,0,1,0,0,- ,- ,34.2553,-119.4446,SANTA BARBARA,SANTA BARBARA,,
6847822,2015,3/24/15,4203,3/11/15,1021,7587,,3,5,5,4203,0,0,0,,0,6,CLIFF DR,CAMINO CALMA,280,E,N,B,-,N,,,,,,,,,,N,4,0,1,2,A,-,9,21804,A,N,-,C,A,A,H,-,A,D,0,,,,,Y,,-,,0,0,1,0,0,0,0,0,0,- ,- ,34.24069,-119.43258,SANTA BARBARA,SANTA BARBARA,-119.723851,34.40193082
6847826,2015,3/24/15,4203,3/12/15,1643,3626,,4,5,5,4203,0,0,0,,0,4,COTA ST,CHAPALA ST,0,,Y,A,-,N,,,,,,,,,,Y,4,0,1,2,A,-,12,21453,A,N,-,C,A,A,H,-,A,A,0,,,,,Y,,-,,0,0,1,0,0,0,0,0,0,- ,- ,34.41,-119.7,SANTA BARBARA,SANTA BARBARA,-119.69795,34.41666002
6847830,2015,3/24/15,4203,3/13/15,1235,394,4203,5,5,5,4203,0,0,0,,0,1,MILPAS ST,MONTECITO ST,123,N,N,A,-,N,,,,,,,,,,N,3,0,1,2,A,-,17,22517,,N,D,G,A,A,H,-,A,D,0,,Y,,,Y,,-,,0,1,0,0,0,0,1,0,0,- ,- ,34.25298,-119.40598,SANTA BARBARA,SANTA BARBARA,-119.6831078,34.42469055
6847834,2015,2/17/16,4203,3/13/15,745,394,4203,5,5,5,4203,0,0,0,,0,1,MOUNTAIN DR,HILLCREST RD,0,,Y,A,-,N,,,,,,,,,,Y,4,0,1,2,A,-,9,21801,A,N,D,C,A,A,H,-,A,A,0,,,,,Y,,-,,0,0,1,0,0,0,0,0,0,- ,- ,34.26443,-119.41419,SANTA BARBARA,SANTA BARBARA,-119.6950499,34.44564006
6847838,2015,3/23/15,4203,3/11/15,1730,2712,,3,5,5,4203,0,0,0,,0,5,DE LA VINA ST,CALLE LAURELES,270,N,N,A,-,N,,,,,,,,,,N,3,0,1,2,A,-,9,21804,A,N,A,C,A,A,H,-,A,D,0,,,,,Y,,-,,0,1,0,0,0,0,0,0,0,- ,- ,34.43934,-119.72897,SANTA BARBARA,SANTA BARBARA,-119.7289665,34.43938255
6849221,2015,9/21/15,4203,3/10/15,1653,5739,,2,5,5,4203,0,0,0,,0,4,ARRELLAGA ST,DE LA VINA ST,0,,Y,A,-,N,,,,,,,,,,Y,3,0,1,2,A,-,12,22450,,N,D,C,A,A,H,-,A,A,0,,,,,Y,,A,1,0,1,0,0,0,0,0,0,0,- ,- ,34.25297,-119.42425,SANTA BARBARA,SANTA BARBARA,-119.7118699,34.42499007
6849796,2015,10/28/16,4203,2/17/15,1307,6700,14,2,5,5,4203,0,0,0,,0,2,CASTILLO ST,RT 101,75,N,N,A,B,Y,SB,5,101,-,R,14.187,I,6,S,N,3,0,1,1,B,-,22,,,N,H,A,A,B,A,G,A,A,0,,Y,,,Y,,-,- ,0,1,0,0,0,0,1,0,0,- ,SF,34.24435,-119.41569,SANTA BARBARA,SANTA BARBARA,-119.6988718,34.41215069
6853603,2014,6/22/16,9760,10/2/14,810,19831,,4,1,5,4203,0,1,2,,2,20,RT 101,TURNPIKE RD,914,S,N,A,-,Y,SB,5,101,-,-,19.89,H,-,S,Y,3,0,1,2,A,-,3,22350,,N,B,C,A,A,H,-,A,D,1,,,Y,,Y,,A,1,0,1,0,0,0,0,0,0,1,- ,- ,34.44151,-119.77327,SANTA BARBARA,SANTA BARBARA,-119.7863633,34.4420877
6855939,2015,10/28/16,9760,3/6/15,1300,20211,,5,1,5,4203,0,1,2,,2,11,RT 101,SALINAS ST,200,S,N,A,-,Y,SB,5,101,-,-,12.04,H,-,S,Y,4,0,1,2,A,-,4,21703,,N,C,C,A,A,H,-,A,D,1,,,Y,,Y,,C,2,0,0,1,0,0,0,0,0,1,- ,- ,34.42165,-119.66481,SANTA BARBARA,SANTA BARBARA,-119.6650531,34.42152391
6855942,2015,10/28/16,9760,3/6/15,1258,19831,,5,1,5,4203,0,1,2,,2,11,RT 101,CABRILLO BL,984,N,N,A,-,Y,SB,5,101,-,-,11.64,H,-,S,N,4,0,1,2,A,-,3,22350,,N,C,C,A,A,H,-,A,D,1,,,,,Y,,D,22,0,0,1,0,0,0,0,0,0,- ,- ,34.42161,-119.66443,SANTA BARBARA,SANTA BARBARA,-119.6583683,34.42299201
6858656,2015,3/26/15,4203,2/17/15,2012,4937,,2,5,5,4203,0,0,0,,0,5,HITCHCOCK WY,STATE ST,6,S,N,A,-,N,,,,,,,,,,N,3,0,1,2,A,-,10,21950,A,N,A,B,B,A,H,-,C,A,0,Y,,,,Y,,-,,0,1,0,0,1,0,0,0,0,- ,- ,34.2624,-119.444,SANTA BARBARA,SANTA BARBARA,-119.74445,34.44046353
6858660,2015,3/26/15,4203,2/14/15,1122,1497,,6,5,5,4203,0,0,0,,0,6,CLIFF DR,MEIGS RD,400,W,N,A,-,N,,,,,,,,,,N,3,0,1,2,A,-,9,21804,A,N,D,C,A,A,H,-,A,D,0,,,,,Y,,-,,0,1,0,0,0,0,0,0,0,- ,- ,34.2406,-119.4324,SANTA BARBARA,SANTA BARBARA,-119.7233541,34.40183056
6858664,2015,4/3/15,4203,2/6/15,1402,2661,,5,5,5,4203,0,0,0,,0,1,MILPAS ST,COTA ST,122,S,N,A,-,N,,,,,,,,,,N,4,0,1,2,A,-,- ,,,N,D,G,A,A,H,-,A,D,0,,Y,,,Y,,L,4,0,0,1,0,0,0,1,0,0,- ,- ,34.2525,-119.411,SANTA BARBARA,SANTA BARBARA,-119.6863061,34.42702915
6858668,2015,3/26/15,4203,2/6/15,945,7568,,5,5,5,4203,0,0,0,,0,2,LAS ONDAS,CALLE BREVO,31,N,N,A,-,N,,,,,,,,,,N,3,0,1,2,D,-,0,,,F,G,B,F,A,H,-,A,D,0,Y,,,,Y,,-,- ,0,1,0,0,1,0,0,0,0,- ,- ,34.3996,-119.7064,SANTA BARBARA,SANTA BARBARA,-119.7063702,34.39969319
6858672,2015,3/26/15,4203,2/2/15,1541,7193,,1,5,5,4203,0,0,0,,0,5,DE LA VINA ST,CALLE LAURELES,35,N,N,A,-,N,,,,,,,,,,N,3,0,1,2,A,-,17,22517,,N,B,G,A,A,H,-,A,D,0,,Y,,,Y,,-,,0,1,0,0,0,0,0,0,0,- ,- ,34.26202,-119.4343,SANTA BARBARA,SANTA BARBARA,-119.7284475,34.43890152
6858720,2015,3/26/15,4203,2/3/15,1901,1436,,2,5,5,4203,0,0,0,,0,5,STATE ST,CALLE LAURELES,0,,Y,A,-,N,,,,,,,,,,Y,3,0,3,2,A,-,9,21801,A,N,A,C,A,A,H,-,C,A,0,,,,,Y,,-,,0,1,2,0,0,0,0,0,0,- ,- ,34.44039,-119.72826,SANTA BARBARA,SANTA BARBARA,-119.7281499,34.44037002
6860715,2015,4/14/15,4203,3/13/15,1303,2720,,5,5,5,4203,0,0,0,,0,4,STATE ST,CARRILLO ST,80,N,N,A,-,N,,,,,,,,,,N,3,0,1,3,A,-,8,22107,,N,B,G,A,A,H,-,A,D,0,,Y,,,Y,,-,,0,1,0,0,0,0,1,0,0,- ,- ,34.4207,-119.70098,SANTA BARBARA,SANTA BARBARA,-119.7021176,34.42163639
6860795,2015,10/28/16,9760,2/15/15,1630,19397,,7,2,5,4203,0,1,2,,2,11,RT 101,MISSION ST,72,S,N,A,-,Y,SB,5,101,-,-,5.09,H,-,N,Y,3,0,2,2,A,-,8,22107,,N,D,C,A,A,H,-,A,D,1,,,,,Y,,A,1,0,2,0,0,0,0,0,0,0,- ,- ,34.42546,-119.71999,SANTA BARBARA,SANTA BARBARA,-119.5500717,34.40883707
6862391,2015,3/27/15,4203,3/13/15,1930,6693,51,5,5,5,4203,0,0,0,,0,5,STATE ST,CALLE PALO COLORADO,82,W,N,A,-,N,,,,,,,,,,N,4,0,1,2,A,-,3,22350,,N,C,C,A,A,H,-,C,D,0,,,Y,,Y,Y,C,2,0,0,1,0,0,0,0,0,0,- ,- ,34.2625,-119.4343,SANTA BARBARA,SANTA BARBARA,-119.7312818,34.44038
6862392,2015,3/27/15,4203,3/9/15,1124,6048,,1,5,5,4203,0,0,0,,0,1,MILPAS ST,MASON ST,105,N,N,A,-,N,,,,,,,,,,Y,3,0,3,4,A,-,3,22350,,N,C,C,A,A,H,-,A,D,0,,,,,Y,,-,,0,2,1,0,0,0,0,0,0,- ,- ,34.2521,-119.40506,SANTA BARBARA,SANTA BARBARA,-119.6804366,34.42274517
6862393,2015,3/27/15,4203,3/19/15,1,6970,,4,5,5,4203,0,0,0,,0,4,CARRILLO ST,BATH ST,0,,Y,A,-,N,,,,,,,,,,Y,4,0,3,2,A,-,12,21453,A,N,D,C,A,A,H,-,C,A,0,,,,,Y,,-,,0,0,3,0,0,0,0,0,0,- ,- ,34.25058,-119.4219,SANTA BARBARA,SANTA BARBARA,-119.70525,34.41832002
6862394,2015,4/13/16,4203,3/17/15,2140,6972,,2,5,5,4203,0,0,0,,0,6,CLIFF DR,W FELLOWSHIP RD,0,,Y,A,-,N,,,,,,,,,,Y,4,0,1,2,A,-,1,23152,A,F,C,C,A,A,H,-,C,D,0,,,,,Y,Y,-,,0,0,1,0,0,0,0,0,0,- ,- ,34.24109,-119.43414,SANTA BARBARA,SANTA BARBARA,-119.72808,34.40300011
6862395,2015,3/27/15,4203,3/19/15,1409,6700,15,4,5,5,4203,0,0,0,,0,2,LOMA ALTA DR,SHORELINE DR,276,N,N,A,-,N,,,,,,,,,,N,3,0,1,2,A,-,9,21802,A,N,H,A,A,A,H,-,A,A,0,,,Y,,Y,,A,1,0,1,0,0,0,0,0,0,1,- ,- ,34.24142,-119.41525,SANTA BARBARA,SANTA BARBARA,-119.6979415,34.40392602
6862396,2015,2/16/16,4203,3/20/15,1330,7192,,5,5,5,4203,0,0,0,,0,2,HOT SPRINGS RD,COAST VILLAGE RD,282,W,N,A,-,N,,,,,,,,,,Y,3,0,1,2,A,-,9,21801,A,N,D,C,A,A,H,-,A,D,0,,,,,Y,,A,1,0,1,0,0,0,0,0,0,0,- ,- ,34.25236,-119.39585,SANTA BARBARA,SANTA BARBARA,,
6862441,2015,10/28/16,9760,3/2/15,1300,19831,,1,1,5,4203,0,1,2,,2,11,RT 101,MILPAS ST,453,S,N,C,-,Y,SB,5,101,-,-,12.73,H,-,S,Y,3,0,1,1,A,-,3,22350,,N,E,I,A,B,H,-,A,D,1,,,,,Y,,A,1,0,1,0,0,0,0,0,0,0,- ,- ,34.41972,-119.67181,SANTA BARBARA,SANTA BARBARA,-119.6768825,34.42036906
6862458,2015,10/28/16,9760,3/12/15,800,18019,,4,1,5,4203,0,1,2,,2,20,RT 101,LA CUMBRE RD,636,S,N,A,-,Y,SB,5,101,-,-,17.66,H,-,S,Y,4,0,1,2,A,-,3,22350,,N,C,C,A,A,H,-,A,D,1,,,,,Y,,A,1,0,0,1,0,0,0,0,0,0,- ,- ,34.43106,-119.7532,SANTA BARBARA,SANTA BARBARA,-119.7501877,34.4353918
6862465,2015,10/28/16,9760,3/2/15,1746,18754,,1,2,5,4203,0,1,2,,2,11,RT 101,MISSION ST,60,N,N,A,-,Y,SB,5,101,-,-,15.77,H,-,S,Y,4,0,1,3,A,-,3,22350,,N,C,C,A,A,H,-,B,D,1,,,,,Y,,A,1,0,0,1,0,0,0,0,0,0,TO,- ,34.42585,-119.72282,SANTA BARBARA,SANTA BARBARA,-119.7204462,34.42537331
6862466,2015,10/28/16,9760,3/3/15,847,20908,,2,1,5,4203,0,1,2,,2,20,RT 101,RT 154,50,S,N,A,-,Y,SB,5,101,-,-,18.35,H,-,S,N,3,0,1,1,A,-,3,22350,,N,F,A,A,B,H,-,A,D,1,,,Y,,Y,,C,2,0,1,0,0,0,0,0,0,1,FR,- ,34.44082,-119.75939,SANTA BARBARA,SANTA BARBARA,-119.7597494,34.44117615
6876752,2014,6/22/16,9760,10/5/14,637,18491,,7,1,5,4203,0,1,2,,2,10,RT 101,SHEFFIELD DR,28,N,N,A,-,Y,SB,5,101,-,-,9.03,H,-,N,Y,3,0,1,1,A,-,8,22107,,N,E,I,A,A,H,-,B,D,1,,,,,Y,,A,1,0,1,0,0,0,0,0,0,0,- ,- ,34.42178,-119.61457,SANTA BARBARA,SANTA BARBARA,-119.6145102,34.42185942
6876882,2015,1/5/17,4203,4/11/15,1116,6378,,6,5,5,4203,0,0,0,,0,2,RT 101,CASTILLO ST,36,W,N,A,-,Y,SB,5,101,-,R,14.34,R,1,S,N,3,0,1,1,A,-,3,22350,,N,H,A,A,B,A,-,A,A,0,,,,,Y,,-,,0,1,0,0,0,0,0,0,0,SF,- ,34.24427,-119.41561,SANTA BARBARA,SANTA BARBARA,-119.702027,34.41249557
6876886,2015,4/28/15,4203,4/11/15,1932,7187,,6,5,5,4203,0,0,0,,0,3,GARDEN ST,VICTORIA ST,135,N,N,A,-,N,,,,,,,,,,N,3,0,1,2,A,-,17,21200,,N,C,E,A,A,H,-,B,D,0,,Y,,,Y,Y,L,4,0,1,0,0,0,0,1,0,0,- ,- ,34.4282,-119.70329,SANTA BARBARA,SANTA BARBARA,-119.7027037,34.42771583
6876890,2015,4/28/15,4203,4/7/15,1315,4732,,2,5,5,4203,0,0,0,,0,1,MILPAS ST,CARRILLO ST,0,,Y,C,-,N,,,,,,,,,,Y,4,0,2,2,A,-,8,22107,,N,D,C,A,B,H,-,A,D,0,,,,,Y,,-,,0,0,2,0,0,0,0,0,0,- ,- ,34.2551,-119.413,SANTA BARBARA,SANTA BARBARA,-119.6917299,34.4309901
6876894,2015,5/14/15,4203,4/11/15,53,1959,,6,5,5,4203,0,0,0,,0,2,EAST CABRILLO BL,CLARK ESTATE,270,E,N,A,-,N,,,,,,,,,,Y,3,0,2,1,A,-,1,23152,,N,A,I,A,A,H,-,A,A,0,,,,,Y,Y,-,,0,1,1,0,0,0,0,0,0,- ,- ,34.25834,-119.39446,SANTA BARBARA,SANTA BARBARA,,
6876898,2015,4/28/15,4203,4/9/15,1814,4937,,4,5,5,4203,0,0,0,,0,1,COTA ST,SALSIPUEDES ST,0,,Y,A,-,N,,,,,,,,,,N,3,0,1,2,A,-,9,21801,A,N,A,C,A,A,H,-,A,D,0,,,,,Y,,-,,0,1,0,0,0,0,0,0,0,- ,- ,34.2526,-119.4123,SANTA BARBARA,SANTA BARBARA,-119.68999,34.42410008
6876902,2015,5/14/15,4203,4/13/15,1546,6972,,1,5,5,4203,0,0,0,,0,3,SANTA BARBARA ST,E SOLA ST,0,,Y,A,-,N,,,,,,,,,,Y,4,0,1,3,A,-,9,21802,A,N,D,C,A,A,H,-,A,A,0,,,,,Y,,-,,0,0,1,0,0,0,0,0,0,- ,- ,34.25383,-119.42166,SANTA BARBARA,SANTA BARBARA,-119.7047499,34.42739007
6876906,2015,5/7/15,4203,4/9/15,1645,1497,4203,4,5,5,4203,0,0,0,,0,4,HALEY ST,BATH ST,176,W,N,A,-,N,,,,,,,,,,Y,3,0,1,2,A,-,9,21804,A,N,D,C,A,A,H,-,A,D,0,,,,,Y,,-,,0,1,0,0,0,0,0,0,0,- ,- ,35.253,-119.4204,SANTA BARBARA,SANTA BARBARA,-119.6993079,34.41324931
6876910,2015,4/28/15,4203,4/13/15,1505,6700,55,1,5,5,4203,0,0,0,,0,5,LA CUMBRE RD,CALLE REAL,233,N,N,A,-,N,,,,,,,,,,Y,4,0,2,2,A,-,9,21801,A,N,A,C,A,A,H,-,A,D,0,,,,,Y,,A,1,0,0,2,0,0,0,0,0,0,- ,- ,34.26165,-119.45225,SANTA BARBARA,SANTA BARBARA,-119.7506247,34.43777075
6876914,2015,5/14/15,4203,4/12/15,1419,6378,,7,5,5,4203,0,0,0,,0,2,S MILPAS ST,CACIQUE ST,155,N,N,A,-,N,,,,,,,,,,N,3,0,2,2,D,-,0,,,F,B,C,A,A,H,-,A,-,0,,,,,Y,,-,- ,0,2,0,0,0,0,0,0,0,- ,- ,34.25424,-119.40365,SANTA BARBARA,SANTA BARBARA,-119.6767386,34.42004821
6876918,2015,4/28/15,4203,4/14/15,1820,7570,28,2,5,5,4203,0,0,0,,0,6,MODOC RD,PALERMO DR,0,,Y,A,-,N,,,,,,,,,,N,3,0,1,2,A,-,9,21801,A,N,D,G,A,A,H,-,A,D,0,,Y,,,Y,,A,1,0,1,0,0,0,0,1,0,0,- ,- ,34.42912,-119.74243,SANTA BARBARA,SANTA BARBARA,-119.74236,34.42935006
6876922,2015,4/28/15,4203,4/15/15,2126,3597,,3,5,5,4203,0,0,0,,0,3,CARRILLO ST,ANACAPA ST,99,E,N,A,-,N,,,,,,,,,,Y,4,0,2,2,D,-,0,,,M,C,E,A,A,H,-,C,D,0,,,,,Y,Y,-,- ,0,0,2,0,0,0,0,0,0,- ,- ,34.25222,-119.4203,SANTA BARBARA,SANTA BARBARA,-119.700506,34.42280604
6876926,2015,5/14/15,4203,4/15/15,1402,7587,,3,5,5,4203,0,0,0,,0,6,COLEMAN AV,COLEMAN AV 262,163,N,N,A,-,N,,,,,,,,,,N,3,0,1,2,B,-,22,,,N,C,E,A,A,H,-,A,D,0,,Y,,,Y,,-,- ,0,1,0,0,0,0,1,0,0,- ,- ,34.23582,-119.4332,SANTA BARBARA,SANTA BARBARA,-119.725639,34.399408
6876930,2015,6/1/16,4203,4/15/15,621,6374,,3,5,5,4203,0,0,0,,0,5,CALLE REAL,STATE ST,2,S,N,B,-,N,,,,,,,,,,N,3,0,1,1,A,-,8,22107,,N,H,A,A,A,H,-,A,A,0,,,,,Y,,-,,0,1,0,0,0,0,0,0,0,- ,- ,34.2629,-114.4521,SANTA BARBARA,SANTA BARBARA,-119.75418,34.44042
6876942,2015,4/28/15,4203,4/11/15,1834,3597,,6,5,5,4203,0,0,0,,0,2,GUTIERREZ ST,RANCHERIA ST,280,W,N,A,-,N,,,,,,,,,,Y,3,0,2,3,A,-,8,22107,,N,D,C,A,A,H,-,A,D,0,,,,,Y,,-,,0,1,1,0,0,0,0,0,0,- ,- ,34.24367,-119.42008,SANTA BARBARA,SANTA BARBARA,-119.7004186,34.40999274
6878200,2015,2/17/16,4203,3/27/15,1730,6969,,5,5,5,4203,0,0,0,,0,1,NOPAL ST,CANON PERDIDO,0,,Y,A,-,N,,,,,,,,,,Y,4,0,1,3,A,-,9,21802,A,N,D,C,A,A,H,-,A,-,0,,,,,Y,,-,,0,0,1,0,0,0,0,0,0,- ,- ,34.2529,-119.4245,SANTA BARBARA,SANTA BARBARA,-119.69157,34.42899004
6878204,2015,4/17/15,4203,4/4/15,1402,394,4203,6,5,5,4203,0,0,0,,0,6,LAS POSITAS RD,LAS POSITAS PL,3,N,N,A,-,N,,,,,,,,,,Y,3,0,1,2,A,-,3,22350,,N,C,C,A,A,H,-,A,D,0,,,,,Y,,-,,0,1,0,0,0,0,0,0,0,- ,- ,34.25214,-119.44167,SANTA BARBARA,SANTA BARBARA,-119.7379244,34.42263678