CASE_ID,ACCIDENT_YEAR,PROC_DATE,JURIS,COLLISION_DATE,COLLISION_TIME,OFFICER_ID,REPORTING_DISTRICT,DAY_OF_WEEK,CHP_SHIFT,POPULATION,CNTY_CITY_LOC,SPECIAL_COND,BEAT_TYPE,CHP_BEAT_TYPE,CITY_DIVISION_LAPD,CHP_BEAT_CLASS,BEAT_NUMBER,PRIMARY_RD,SECONDARY_RD,DISTANCE,DIRECTION,INTERSECTION,WEATHER_1,WEATHER_2,STATE_HWY_IND,CALTRANS_COUNTY,CALTRANS_DISTRICT,STATE_ROUTE,ROUTE_SUFFIX,POSTMILE_PREFIX,POSTMILE,LOCATION_TYPE,RAMP_INTERSECTION,SIDE_OF_HWY,TOW_AWAY,COLLISION_SEVERITY,NUMBER_KILLED,NUMBER_INJURED,PARTY_COUNT,PRIMARY_COLL_FACTOR,PCF_CODE_OF_VIOL,PCF_VIOL_CATEGORY,PCF_VIOLATION,PCF_VIOL_SUBSECTION,HIT_AND_RUN,TYPE_OF_COLLISION,MVIW,PED_ACTION,ROAD_SURFACE,ROAD_COND_1,ROAD_COND_2,LIGHTING,CONTROL_DEVICE,CHP_ROAD_TYPE,PEDESTRIAN_ACCIDENT,BICYCLE_ACCIDENT,MOTORCYCLE_ACCIDENT,TRUCK_ACCIDENT,NOT_PRIVATE_PROPERTY,ALCOHOL_INVOLVED,STWD_VEHTYPE_AT_FAULT,CHP_VEHTYPE_AT_FAULT,COUNT_SEVERE_INJ,COUNT_VISIBLE_INJ,COUNT_COMPLAINT_PAIN,COUNT_PED_KILLED,COUNT_PED_INJURED,COUNT_BICYCLIST_KILLED,COUNT_BICYCLIST_INJURED,COUNT_MC_KILLED,COUNT_MC_INJURED,PRIMARY_RAMP,SECONDARY_RAMP,LATITUDE,LONGITUDE,COUNTY,CITY,POINT_X,POINT_Y
8110146,2016,10/20/16,4203,8/20/16,1522,2520,4203,6,5,5,4203,0,0,0,,0,6,MISSION ST,RT 101,0,,N,A,-,N,,,101,,,,,,,N,4,0,1,2,A,-,12,21453,A,N,D,C,A,A,H,-,A,A,0,,,,,Y,,-,,0,0,1,0,0,0,0,0,0,- ,SO,34.425,-119.722,SANTA BARBARA,SANTA BARBARA,-119.7218132,34.42580652
8110154,2016,8/29/16,4203,8/21/16,121,23133,,7,5,5,4203,0,0,0,,0,4,WEST MICHELTORENA,BATH ST,149,W,N,A,-,N,,,,,,,,,,Y,3,0,1,2,D,-,0,,,F,C,E,A,A,H,-,C,D,0,,,,,Y,,-,- ,0,1,0,0,0,0,0,0,0,- ,- ,34.42267,-119.71209,SANTA BARBARA,SANTA BARBARA,-119.7119653,34.42271227
8110158,2016,8/29/16,4203,8/21/16,1551,22856,,7,5,5,4203,0,0,0,,0,2,SAN PASCUAL ST,W ORTEGA ST,96,S,N,A,-,N,,,,,,,,,,N,4,0,1,2,A,-,3,22350,,N,C,G,A,A,H,-,A,D,0,,Y,,,Y,,L,4,0,0,1,0,0,0,1,0,0,- ,- ,34.2442,-119.4258,SANTA BARBARA,SANTA BARBARA,-119.7045214,34.41219576
8110801,2016,10/17/16,4203,8/16/16,2300,2520,4203,2,5,5,4203,0,0,0,,0,3,GARDEN ST,GUTIERREZ ST,0,,Y,A,-,N,,,,,,,,,,N,4,0,1,2,A,-,- ,,,F,D,C,A,A,H,-,C,A,0,,,,,Y,,-,,0,0,1,0,0,0,0,0,0,- ,- ,34.2526,-119.4128,SANTA BARBARA,SANTA BARBARA,-119.69078,34.4190801
8110805,2016,8/31/16,4203,8/14/16,1213,2059,,7,5,5,4203,0,0,0,,0,,STATE ST,CONSTANCE AV,0,,Y,A,-,N,,,,,,,,,,N,3,0,1,2,A,-,12,22450,,N,-,G,A,A,H,-,A,-,0,,Y,,,Y,,L,4,0,1,0,0,0,0,1,0,0,- ,- ,34.26117,-119.43207,SANTA BARBARA,SANTA BARBARA,-119.7223299,34.43640009
8110809,2016,8/31/16,4203,8/17/16,1142,6700,18,3,5,5,4203,0,0,0,,0,6,CLIFF DR,LIGHTHOUSE RD,0,,Y,A,-,N,,,225,,,,,,,Y,3,0,1,2,A,-,9,21802,A,N,D,C,A,A,H,-,A,A,0,,,Y,,Y,,A,7,0,1,0,0,0,0,0,0,1,- ,- ,34.40126,-119.72108,SANTA BARBARA,SANTA BARBARA,-119.7210648,34.40133244
8114183,2016,2/24/17,4203,8/26/16,1614,5751,56,5,5,5,4203,0,0,0,,0,5,RT 154,LA COLINA RD,102,N,N,A,-,Y,SB,5,154,-,R,32.05,H,-,W,Y,4,0,1,2,A,-,3,22350,,N,C,C,A,A,H,-,A,D,0,,,,,Y,,D,22,0,0,1,0,0,0,0,0,0,- ,- ,34.44433,-119.7599,SANTA BARBARA,SANTA BARBARA,-119.7598756,34.44430773
8114510,2016,9/8/16,4203,8/26/16,1240,5751,44,5,5,5,4203,0,0,0,,0,3,E COTA ST,STATE ST,0,,Y,A,-,N,,,,,,,,,,N,4,0,1,2,A,-,3,22350,,N,C,C,A,A,H,-,A,A,0,,,,,Y,,A,7,0,0,1,0,0,0,0,0,0,- ,- ,34.41775,-119.69679,SANTA BARBARA,SANTA BARBARA,-119.6967899,34.41773007
8114530,2016,9/9/16,4203,8/9/16,1739,2602,4203,2,5,5,4203,0,0,0,,0,4,STATE ST,GUTIERREZ ST,0,,Y,A,-,N,,,,,,,,,,N,3,0,1,2,A,-,10,21950,A,N,G,B,B,A,H,-,A,A,0,Y,,,,Y,,-,,0,1,0,0,1,0,0,0,0,- ,- ,,,SANTA BARBARA,SANTA BARBARA,-119.6942199,34.41587005
8114534,2016,9/9/16,4203,8/28/16,730,4620,,7,5,5,4203,0,0,0,,0,6,VALERIO ST,VALERIO ST 600 BLK,0,,N,A,-,N,,,,,,,,,,N,4,0,1,1,B,-,22,,,N,-,-,A,A,H,-,A,D,0,,Y,,,Y,,L,4,0,0,1,0,0,0,1,0,0,- ,- ,,,SANTA BARBARA,SANTA BARBARA,,
8115300,2016,9/2/16,4203,8/26/16,1409,6973,,5,5,5,4203,0,0,0,,0,1,S SALINAS ST,S SALINAS ST 300,35,E,N,A,-,N,,,,,,,,,,N,4,0,2,2,A,-,9,21800,A,N,C,D,A,A,H,-,A,D,0,,,,,Y,,-,,0,0,2,0,0,0,0,0,0,- ,- ,34.423,-119.668,SANTA BARBARA,SANTA BARBARA,,
8115304,2016,9/2/16,4203,8/19/16,1400,22859,,5,5,5,4203,0,0,0,,0,1,CANON PERDIDO ST,N NOPAL ST,11,W,N,A,-,N,,,,,,,,,,N,3,0,2,3,A,-,10,21950,,F,G,B,B,A,H,-,A,A,0,Y,,,,Y,,-,,0,2,0,0,2,0,0,0,0,- ,- ,34.429,-119.692,SANTA BARBARA,SANTA BARBARA,-119.6915945,34.42896767
8115308,2016,9/2/16,4203,8/25/16,1156,7774,,4,5,5,4203,0,0,0,,0,4,STATE ST,PADRE ST,180,S,N,A,-,N,,,,,,,,,,N,3,0,1,2,A,-,17,22517,,N,H,G,A,A,H,-,A,D,0,,Y,,,Y,,-,,0,1,0,0,0,0,1,0,0,- ,- ,34.43135,-119.71553,SANTA BARBARA,SANTA BARBARA,-119.7155817,34.43144398
8115312,2016,9/2/16,4203,8/14/16,2050,3626,,7,5,5,4203,0,0,0,,0,2,CORONEL PL,WENTWORTH,20,W,N,A,-,N,,,,,,,,,,N,3,0,1,2,D,-,0,,,N,G,B,E,A,H,-,B,D,0,Y,,,,Y,,-,- ,0,1,0,0,1,0,0,0,0,- ,- ,34.411,-119.7016,SANTA BARBARA,SANTA BARBARA,-119.7015637,34.41112871
8115316,2016,9/2/16,4203,8/24/16,2012,6972,,3,5,5,4203,0,0,0,,0,5,DE LA VINA ST,ARDEN RD,70,S,N,A,-,N,,,,,,,,,,N,4,0,1,2,A,-,8,22107,,N,D,G,A,A,H,-,C,D,0,,Y,,,Y,,-,,0,0,1,0,0,0,1,0,0,- ,- ,34.26134,-119.43361,SANTA BARBARA,SANTA BARBARA,-119.7266781,34.43710795
8115355,2016,9/19/16,4203,8/27/16,1801,7187,,6,5,5,4203,0,0,0,,0,5,STATE ST,BROADMOOR PLZ,102,E,N,A,-,N,,,,,,,,,,Y,3,0,1,2,A,-,1,23152,A,M,C,C,A,A,H,-,A,D,0,,,,,Y,Y,-,,0,1,0,0,0,0,0,0,0,- ,- ,34.44049,-119.73717,SANTA BARBARA,SANTA BARBARA,-119.737112,34.44041
8115356,2016,9/2/16,4203,8/22/16,802,2059,,1,5,5,4203,0,0,0,,0,3,LAGUNA ST,VICTORIA ST,0,,Y,A,-,N,,,,,,,,,,Y,4,0,4,2,A,-,9,21802,A,N,D,C,A,A,H,-,A,A,0,,,,,Y,,-,,0,0,4,0,0,0,0,0,0,- ,- ,34.25424,-119.42047,SANTA BARBARA,SANTA BARBARA,-119.70123,34.42854005
8115360,2016,9/2/16,4203,8/26/16,1654,7187,,5,5,5,4203,0,0,0,,0,2,SAN PASCUAL ST,ORTEGA ST,205,S,N,A,-,N,,,,,,,,,,N,3,0,1,2,A,-,3,22350,,N,C,C,A,A,H,-,A,D,0,,,,,Y,,-,,0,1,0,0,0,0,0,0,0,- ,- ,34.41197,-119.70443,SANTA BARBARA,SANTA BARBARA,-119.7042504,34.41199792
8115567,2016,9/6/16,4203,8/26/16,1947,6973,,5,5,5,4203,0,0,0,,0,1,ALAMEDA PADRE SERRA,LOS OLIVOS,0,,Y,A,-,N,,,,,,,,,,Y,4,0,1,2,A,-,8,22107,,N,D,C,A,A,H,-,C,D,0,,,,,Y,,-,,0,0,1,0,0,0,0,0,0,- ,- ,34.439,-119.713,SANTA BARBARA,SANTA BARBARA,-119.7131199,34.43904011
8116510,2016,9/6/16,4203,8/28/16,150,3849,31,7,5,5,4203,0,0,0,,0,4,CHAPALA ST,W CANON PERDIDO ST,66,S,N,A,-,N,,,,,,,,,,N,4,0,3,2,D,-,0,,,F,C,C,A,A,H,-,C,A,0,,,,,Y,,-,- ,0,0,3,0,0,0,0,0,0,- ,- ,34.25135,-119.4216,SANTA BARBARA,SANTA BARBARA,-119.701539,34.41938735
8116514,2016,9/6/16,4203,8/27/16,2345,23133,,6,5,5,4203,0,0,0,,0,4,CHAPALA ST,FIGUEROA ST,0,,Y,A,-,N,,,,,,,,,,Y,3,0,1,2,A,-,12,21453,A,N,D,C,A,A,H,-,C,A,0,,,,,Y,,-,,0,1,0,0,0,0,0,0,0,- ,- ,34.42044,-119.70299,SANTA BARBARA,SANTA BARBARA,-119.7042699,34.42139003
8116518,2016,9/6/16,4203,8/27/16,2051,23133,,6,5,5,4203,0,0,0,,0,4,W ANAPAMU ST,DE LA VINA ST,0,,Y,A,-,N,,,,,,,,,,Y,4,0,1,2,A,-,12,21453,A,N,D,C,A,A,H,-,C,A,0,,,,,Y,,-,,0,0,1,0,0,0,0,0,0,- ,- ,34.42124,-119.70677,SANTA BARBARA,SANTA BARBARA,-119.70674,34.42124008
8116522,2016,9/6/16,4203,8/18/16,2034,6972,,4,5,5,4203,0,0,0,,0,4,W CARRILLO ST,CASTILLO ST,69,E,N,A,-,N,,,,,,,,,,,3,0,1,1,A,-,1,21200,5,N,H,A,A,A,H,-,C,A,0,,Y,,,Y,Y,L,4,0,1,0,0,0,0,1,0,0,- ,- ,34.25031,-119.42222,SANTA BARBARA,SANTA BARBARA,-119.7062007,34.41740351
8121399,2016,9/23/16,4203,8/30/16,1749,1985,,2,5,5,4203,0,0,0,,0,4,CHAPALA ST,W FIGUEROA ST,0,,Y,A,-,N,,,,,,,,,,N,4,0,1,2,A,-,11,21456,B,N,G,B,B,A,H,-,A,A,0,Y,,,,Y,,N,60,0,0,1,0,1,0,0,0,0,- ,- ,34.2516,-119.4215,SANTA BARBARA,SANTA BARBARA,-119.7042699,34.42139003
8121563,2016,9/19/16,4203,9/5/16,1318,1985,,1,5,5,4203,0,0,0,,0,1,CANON PERDIDO ST,NOPAL ST,0,,Y,A,-,N,,,,,,,,,,Y,3,0,1,2,A,-,9,21801,A,N,D,C,A,A,H,-,A,A,0,,,,,Y,,-,,0,1,0,0,0,0,0,0,0,- ,- ,34.2544,-119.4129,SANTA BARBARA,SANTA BARBARA,-119.69157,34.42899004
8121567,2016,9/19/16,4203,9/4/16,1935,22857,,7,5,5,4203,0,0,0,,0,6,SAN ANDRES ST,MICHELTORENA ST,0,S,N,A,-,N,,,,,,,,,,N,2,0,1,1,D,-,0,,,N,H,A,A,A,H,-,B,D,0,,Y,,,Y,Y,-,- ,1,0,0,0,0,0,1,0,0,- ,- ,34.257,-119.4257,SANTA BARBARA,SANTA BARBARA,-119.71618,34.41878006
8121571,2016,9/19/16,4203,9/3/16,1745,6577,,6,5,5,4203,0,0,0,,0,4,BATH ST,W ANAPAMU ST,0,,Y,A,-,N,,,,,,,,,,Y,2,0,2,2,A,-,9,21802,A,N,D,G,A,A,H,-,A,A,0,,Y,Y,,Y,,L,4,1,1,0,0,0,0,1,0,1,- ,- ,34.42017,-119.70795,SANTA BARBARA,SANTA BARBARA,-119.7078399,34.42023009
8121575,2016,12/1/16,4203,9/3/16,2006,22854,,6,5,5,4203,0,0,0,,0,6,CLIFF DR,MESA LN,695,W,N,A,-,N,,,,,,,,,,Y,4,0,1,3,A,-,4,21703,,N,C,E,A,A,H,-,D,D,0,,,,,Y,,-,,0,0,1,0,0,0,0,0,0,- ,- ,34.24153,-119.43573,SANTA BARBARA,SANTA BARBARA,-119.7324665,34.40420133
8121579,2016,9/19/16,4203,9/10/16,1735,7187,,6,5,5,4203,0,0,0,,0,2,CORONA DEL MAR,CABRILLO BL,12,N,N,A,-,N,,,,,,,,,,N,4,0,1,2,A,-,8,22107,,N,D,G,A,A,H,-,B,D,0,,Y,,,Y,,-,,0,0,1,0,0,0,1,0,0,- ,- ,34.41713,-119.67092,SANTA BARBARA,SANTA BARBARA,-119.6708484,34.4170622
8121583,2016,3/6/17,4203,9/2/16,1624,6972,,5,5,5,4203,0,0,0,,0,4,W CARRILLO ST,RT 101,66,E,N,A,-,Y,SB,5,101,-,R,14.92,R,4,S,N,4,0,5,2,A,-,3,22350,A,N,C,C,A,A,H,-,A,A,0,,,,,Y,,-,,0,0,5,0,0,0,0,0,0,- ,SO,34.24584,-119.42268,SANTA BARBARA,SANTA BARBARA,-119.7095124,34.41759028
8123738,2016,9/20/16,4203,9/14/16,1635,23133,,3,5,5,4203,0,0,0,,0,4,CHAPALA ST,HALEY ST,0,,Y,A,-,N,,,,,,,,,,Y,4,0,3,2,A,-,9,21801,A,N,A,C,A,A,H,-,A,A,0,,,,,Y,,-,,0,0,3,0,0,0,0,0,0,- ,- ,34.41575,-119.69665,SANTA BARBARA,SANTA BARBARA,-119.6966499,34.4157501
8124919,2016,11/16/16,4203,9/9/16,1711,6973,,5,5,5,4203,0,0,0,,0,1,EUCALYPTUS HILL RD,EUCALYPTUS HILL RD 1800,180,S,N,A,-,N,,,,,,,,,,Y,3,0,1,2,A,-,5,21460,A,N,-,C,A,A,H,-,A,D,0,,,,,Y,,-,,0,1,0,0,0,0,0,0,0,- ,- ,34.432,-119.669,SANTA BARBARA,SANTA BARBARA,,
8124923,2016,9/21/16,4203,9/8/16,1400,22854,,4,5,5,4203,0,0,0,,0,3,E HALEY ST,ANACAPA ST,196,E,N,A,-,N,,,,,,,,,,N,3,0,1,2,D,-,0,,,N,H,G,A,A,H,-,A,D,0,,Y,,,Y,,-,- ,0,1,0,0,0,0,1,0,0,- ,- ,,,SANTA BARBARA,SANTA BARBARA,-119.6938703,34.41833349
8126264,2016,9/20/16,4203,8/25/16,1830,6693,5,4,5,5,4203,0,0,0,,0,5,DE LA VINA ST,W ALAMAR AV,132,S,N,A,-,N,,,,,,,,,,N,4,0,1,2,D,-,0,,,N,C,C,A,A,H,-,A,D,0,,,,,Y,,-,- ,0,0,1,0,0,0,0,0,0,- ,- ,34.2606,-119.4328,SANTA BARBARA,SANTA BARBARA,-119.7248192,34.43517683
8127893,2016,10/3/16,4203,9/17/16,1338,7189,,6,5,5,4203,0,0,0,,0,3,DE LA VINA ST,W CANON PERDIDO ST,0,,Y,A,-,N,,,,,,,,,,N,4,0,1,2,A,-,12,22450,A,N,D,G,A,A,H,-,A,D,0,,Y,,,Y,,L,4,0,0,1,0,0,0,1,0,0,- ,- ,34.42692,-119.69378,SANTA BARBARA,SANTA BARBARA,-119.7028499,34.4184
8129002,2016,9/27/16,4203,9/18/16,2211,3510,SBX,7,5,5,4203,0,0,0,,0,5,STATE ST,LA CUMBRE RD,54,W,N,A,-,N,,,,,,,,,,Y,4,0,3,3,A,-,1,23152,A,N,C,C,A,A,H,-,C,A,0,,,,,Y,Y,-,,0,0,3,0,0,0,0,0,0,- ,- ,34.44042,-119.75112,SANTA BARBARA,SANTA BARBARA,-119.7512287,34.44049206
8129692,2016,11/3/16,4203,9/12/16,1517,6700,24,1,5,5,4203,0,0,0,,0,6,LAS POSITAS RD,MODOC RD,0,,Y,B,-,N,,,,,,,,,,N,4,0,1,2,D,-,0,,,N,H,G,A,A,H,-,A,A,0,,Y,,,Y,,-,- ,0,0,1,0,0,0,1,0,0,- ,- ,,,SANTA BARBARA,SANTA BARBARA,-119.7347999,34.42611002
8129772,2016,9/23/16,4203,9/16/16,2335,23133,,5,5,5,4203,0,0,0,,0,6,CLIFF DR,LA VISTA DEL OCEANO,239,E,N,A,-,N,,,225,,,,,,,Y,3,0,1,4,A,-,1,23152,A,N,B,E,A,A,H,-,C,D,0,,,,,Y,Y,-,,0,1,0,0,0,0,0,0,0,- ,- ,34.40098,-119.71507,SANTA BARBARA,SANTA BARBARA,-119.7150544,34.40089981
8129776,2016,9/23/16,4203,9/8/16,1147,6700,62,4,5,5,4203,0,0,0,,0,1,MILPAS ST,CARPINTERIA ST,0,,Y,A,B,N,,,,,,,,,,N,4,0,1,2,A,-,3,22350,,N,C,C,A,A,H,-,A,D,0,,,,,Y,,A,1,0,0,1,0,0,0,0,0,0,- ,- ,34.42076,-119.67735,SANTA BARBARA,SANTA BARBARA,,
8129780,2016,9/23/16,4203,9/17/16,2101,2736,,6,5,5,4203,0,0,0,,0,4,CHAPALA ST,COTA ST,100,N,N,A,-,N,,,,,,,,,,Y,4,0,1,2,A,-,1,23152,A,N,C,E,A,A,H,-,C,A,0,,,,,Y,Y,-,,0,0,1,0,0,0,0,0,0,- ,- ,34.25318,-119.42039,SANTA BARBARA,SANTA BARBARA,-119.69819,34.41684928
8129784,2016,9/23/16,4203,9/8/16,1415,6700,18,4,5,5,4203,0,0,0,,0,6,MEIGS RD,ELISE WY,620,S,N,A,-,N,,,,,,,,,,N,3,0,2,2,D,-,0,,,N,H,G,A,A,H,-,A,D,0,,Y,,,Y,,-,- ,0,2,0,0,0,0,2,0,0,- ,- ,34.39834,-119.72252,SANTA BARBARA,SANTA BARBARA,-119.7224661,34.39841271
8129788,2016,3/6/17,4203,9/3/16,1125,22859,,6,5,5,4203,0,0,0,,0,6,W MISSION ST,RT 101,8,W,N,B,-,Y,SB,5,101,-,R,15.86,R,4,N,Y,4,0,2,2,A,-,17,21451,A,N,D,C,A,A,H,-,A,A,0,,,,,Y,,-,,0,0,2,0,0,0,0,0,0,- ,NO,34.25,-119.72,SANTA BARBARA,SANTA BARBARA,-119.72219,34.42604757
8129864,2016,9/23/16,4203,8/31/16,1522,6700,42,3,5,5,4203,0,0,0,,0,3,ANAPAMU ST,STATE ST,198,E,N,A,-,N,,,,,,,,,,N,3,0,1,2,A,-,17,22517,,N,H,E,A,A,A,H,A,D,0,,Y,,,Y,,A,7,0,1,0,0,0,0,1,0,0,- ,- ,34.42387,-119.70403,SANTA BARBARA,SANTA BARBARA,-119.70447,34.42335
8130057,2016,10/20/16,4203,8/31/16,1554,5751,20,3,5,5,4203,0,0,0,,0,2,WENTWORTH AV,W COTA ST,150,N,N,A,-,N,,,,,,,,,,Y,3,0,1,2,A,-,21,22106,,N,D,C,A,A,H,-,A,D,0,,,,,Y,,A,1,0,1,0,0,0,0,0,0,0,- ,- ,34.41252,-119.70346,SANTA BARBARA,SANTA BARBARA,-119.7031411,34.41240391
8131956,2016,11/21/16,4203,9/17/16,1650,7897,52,6,5,5,4203,0,0,0,,0,5,STATE ST,ONTARE RD,150,W,N,A,-,N,,,,,,,,,,N,3,0,1,2,A,-,8,22107,,N,D,G,A,A,H,-,A,A,0,,,,,Y,,A,1,0,1,0,0,0,0,0,0,0,- ,- ,,,SANTA BARBARA,SANTA BARBARA,-119.7405871,34.44041534
8131984,2016,9/30/16,4203,9/15/16,1824,22854,,4,5,5,4203,0,0,0,,0,5,STATE ST,LA CUMBRE RD,318,E,N,A,-,N,,,,,,,,,,Y,4,0,2,3,D,-,0,,,N,C,C,A,A,H,-,A,A,0,,,,,Y,,-,- ,0,0,2,0,0,0,0,0,0,- ,- ,34.2625,-119.4459,SANTA BARBARA,SANTA BARBARA,-119.7499962,34.44049
8132287,2016,10/4/16,4203,9/15/16,739,6700,18,4,5,5,4203,0,0,0,,0,6,CLIFF DR,MEIGS RD,10,W,N,A,-,N,,,225,,,,,,,N,2,0,2,2,A,-,11,21456,B,N,G,B,B,A,H,-,A,A,0,Y,,,,Y,,N,60,1,0,1,0,1,0,0,0,0,- ,- ,34.4016,-119.72222,SANTA BARBARA,SANTA BARBARA,-119.722225,34.4015747
8132330,2016,10/4/16,4203,9/13/16,1709,2399,,2,5,5,4203,0,0,0,,0,6,MODOC RD,LAS POSITAS,68,W,N,A,-,N,,,,,,,,,,N,3,0,1,2,A,-,9,21453,B,N,B,G,A,A,H,-,A,A,0,,Y,,,Y,,-,,0,1,0,0,0,0,1,0,0,- ,- ,34.2535,-119.44066,SANTA BARBARA,SANTA BARBARA,-119.7349631,34.42623879
8132334,2016,10/4/16,4203,9/15/16,1416,5751,35,4,5,5,4203,0,0,0,,0,4,DE LA VINA ST,WEST LOS OLIVOS ST,344,S,N,A,-,N,,,,,,,,,,Y,4,0,1,2,C,-,18,,,N,C,E,A,A,H,-,A,D,0,,,,,Y,,-,- ,0,0,1,0,0,0,0,0,0,- ,- ,34.43018,-119.71889,SANTA BARBARA,SANTA BARBARA,-119.7186251,34.4300281
8132342,2016,10/4/16,4203,9/15/16,1434,7189,,4,5,5,4203,0,0,0,,0,1,NORTH MILPAS ST,EAST ORTEGA ST,0,,Y,A,-,N,,,,,,,,,,Y,4,0,1,2,A,-,3,22350,,N,C,C,A,A,H,-,A,D,0,,,,,Y,,-,,0,0,1,0,0,0,0,0,0,- ,- ,34.25414,-119.41163,SANTA BARBARA,SANTA BARBARA,-119.6878999,34.42820008
8133692,2016,10/3/16,4203,9/19/16,820,6700,63,1,5,5,4203,0,0,0,,0,1,SALINAS ST,HARMON ST,0,,Y,B,-,N,,,,,,,,,,N,4,0,1,2,A,-,9,21802,A,N,D,C,A,A,A,-,A,A,0,,,,,Y,,A,7,0,0,1,0,0,0,0,0,0,- ,- ,34.42266,-119.66761,SANTA BARBARA,SANTA BARBARA,-119.6675599,34.42267006
8133877,2016,10/4/16,4203,9/15/16,1310,5751,52,4,5,5,4203,0,0,0,,0,5,STATE ST,N ONTARE ST,289,E,N,A,-,N,,,,,,,,,,Y,4,0,2,3,A,-,3,22350,,N,C,C,A,A,H,-,A,D,0,,,,,Y,,A,7,0,0,2,0,0,0,0,0,0,- ,- ,34.44045,-119.73906,SANTA BARBARA,SANTA BARBARA,-119.7391324,34.44040816
8133942,2016,10/4/16,4203,9/15/16,1710,6972,,4,5,5,4203,0,0,0,,0,4,W HALEY ST,FIG AV,0,,Y,A,-,N,,,,,,,,,,Y,4,0,1,2,A,-,8,22107,,N,B,C,A,A,H,-,A,D,0,,,Y,,Y,,A,1,0,0,1,0,0,0,0,0,1,- ,- ,34.2459,-119.41457,SANTA BARBARA,SANTA BARBARA,-119.69606,34.41630006
8133946,2016,10/4/16,4203,9/21/16,2006,7187,,3,5,5,4203,0,0,0,,0,1,S MILPAS ST,CARPINTERIA ST,0,,Y,A,-,N,,,,,,,,,,Y,4,0,1,2,D,-,0,,,N,B,C,A,A,H,-,C,A,0,,,,,Y,,-,- ,0,0,1,0,0,0,0,0,0,- ,- ,34.42087,-119.6775,SANTA BARBARA,SANTA BARBARA,,
8133974,2016,11/16/16,4203,9/26/16,209,23889,4203,1,5,5,4203,0,0,0,,0,4,CHAPALA ST,SOLA ST,195,N,N,A,-,N,,,,,,,,,,Y,3,0,2,1,A,-,1,23152,,F,E,I,A,A,H,-,C,A,0,,,,,Y,Y,A,1,0,2,0,0,0,0,0,0,0,- ,- ,34.2528,-119.4231,SANTA BARBARA,SANTA BARBARA,-119.708616,34.42456311
8133978,2016,11/16/16,4203,9/23/16,1830,6972,,5,5,5,4203,0,0,0,,0,5,S LA CUMBRE RD,CALLE REAL,9,N,N,A,-,N,,,,,,,,,,N,4,0,1,2,A,-,3,22350,A,N,C,C,A,A,H,-,A,A,0,,,,,Y,,-,,0,0,1,0,0,0,0,0,0,- ,- ,34.26141,-119.45037,SANTA BARBARA,SANTA BARBARA,-119.7510143,34.43725099
8134804,2016,10/28/16,4203,9/26/16,1203,22856,,1,5,5,4203,0,0,0,,0,2,W CARRILLO BL,BATH ST,0,,Y,A,-,N,,,,,,,,,,N,3,0,1,2,A,-,10,21950,A,N,G,B,B,A,H,-,A,D,0,Y,,,,Y,,-,,0,1,0,0,1,0,0,0,0,- ,- ,34.24335,-119.41353,SANTA BARBARA,SANTA BARBARA,-119.70525,34.41832002
8134808,2016,10/6/16,4203,9/21/16,1349,5751,36,3,5,5,4203,0,0,0,,0,5,DE LA VINA ST,W PUEBLO ST,0,,Y,A,-,N,,,,,,,,,,N,4,0,2,2,A,-,8,22100,B,N,D,C,A,A,H,-,A,D,0,,,,,Y,,D,22,0,0,2,0,0,0,0,0,0,- ,- ,34.43151,-119.72054,SANTA BARBARA,SANTA BARBARA,-119.7206799,34.43165004
8134880,2016,10/6/16,4203,9/28/16,2308,6577,4203,3,5,5,4203,0,0,0,,0,6,MODOC,PINE DR,201,S,N,A,-,N,,,,,,,,,,Y,3,0,1,2,A,-,1,23152,A,N,D,C,A,A,H,-,C,D,0,,,,,Y,Y,A,1,0,1,0,0,0,0,0,0,0,- ,- ,34.42504,-119.73082,SANTA BARBARA,SANTA BARBARA,-119.7306969,34.42498659
8134908,2016,10/5/16,4203,9/23/16,1722,7187,,5,5,5,4203,0,0,0,,0,2,CABRILLO BL,CALLE PUERTO VALLARTA,689,W,N,A,-,N,,,,,,,,,,Y,3,0,5,2,A,-,8,22102,,N,D,C,A,A,H,-,A,D,0,,,,,Y,,-,,0,1,4,0,0,0,0,0,0,- ,- ,34.24565,-119.40389,SANTA BARBARA,SANTA BARBARA,-119.677488,34.41574367
8134932,2016,10/18/16,4203,9/26/16,801,23515,,1,5,5,4203,0,0,0,,0,6,MODOC RD,PILGRIM TERRACE DR,20,N,N,A,-,N,,,,,,,,,,N,4,0,1,2,A,-,3,22350,,N,C,C,A,A,H,-,A,D,0,,,,,Y,,A,1,0,0,1,0,0,0,0,0,0,- ,- ,34.2528,-119.43423,SANTA BARBARA,SANTA BARBARA,-119.72828,34.42467
8134936,2016,10/6/16,4203,9/23/16,1501,5751,35,5,5,5,4203,0,0,0,,0,4,STATE ST,W LOS OLIVOS ST,0,,Y,A,-,N,,,,,,,,,,N,3,0,2,3,A,-,10,21950,A,N,G,B,B,A,H,-,A,D,0,Y,,,,Y,,A,1,0,2,0,0,2,0,0,0,0,- ,- ,34.43263,-119.71725,SANTA BARBARA,SANTA BARBARA,-119.7172499,34.4326701
8134940,2016,11/30/16,4203,9/27/16,2010,22857,,2,5,5,4203,0,0,0,,0,5,E CONSTANCE ST,CONSTANCE LN,8,W,N,A,-,N,,,,,,,,,,Y,3,0,2,1,C,-,18,,,N,E,I,A,A,-,-,D,D,0,,,,,Y,,-,- ,0,1,1,0,0,0,0,0,0,- ,- ,34.2615,-119.4317,SANTA BARBARA,SANTA BARBARA,-119.7203422,34.43806796