CASE_ID,ACCIDENT_YEAR,PROC_DATE,JURIS,COLLISION_DATE,COLLISION_TIME,OFFICER_ID,REPORTING_DISTRICT,DAY_OF_WEEK,CHP_SHIFT,POPULATION,CNTY_CITY_LOC,SPECIAL_COND,BEAT_TYPE,CHP_BEAT_TYPE,CITY_DIVISION_LAPD,CHP_BEAT_CLASS,BEAT_NUMBER,PRIMARY_RD,SECONDARY_RD,DISTANCE,DIRECTION,INTERSECTION,WEATHER_1,WEATHER_2,STATE_HWY_IND,CALTRANS_COUNTY,CALTRANS_DISTRICT,STATE_ROUTE,ROUTE_SUFFIX,POSTMILE_PREFIX,POSTMILE,LOCATION_TYPE,RAMP_INTERSECTION,SIDE_OF_HWY,TOW_AWAY,COLLISION_SEVERITY,NUMBER_KILLED,NUMBER_INJURED,PARTY_COUNT,PRIMARY_COLL_FACTOR,PCF_CODE_OF_VIOL,PCF_VIOL_CATEGORY,PCF_VIOLATION,PCF_VIOL_SUBSECTION,HIT_AND_RUN,TYPE_OF_COLLISION,MVIW,PED_ACTION,ROAD_SURFACE,ROAD_COND_1,ROAD_COND_2,LIGHTING,CONTROL_DEVICE,CHP_ROAD_TYPE,PEDESTRIAN_ACCIDENT,BICYCLE_ACCIDENT,MOTORCYCLE_ACCIDENT,TRUCK_ACCIDENT,NOT_PRIVATE_PROPERTY,ALCOHOL_INVOLVED,STWD_VEHTYPE_AT_FAULT,CHP_VEHTYPE_AT_FAULT,COUNT_SEVERE_INJ,COUNT_VISIBLE_INJ,COUNT_COMPLAINT_PAIN,COUNT_PED_KILLED,COUNT_PED_INJURED,COUNT_BICYCLIST_KILLED,COUNT_BICYCLIST_INJURED,COUNT_MC_KILLED,COUNT_MC_INJURED,PRIMARY_RAMP,SECONDARY_RAMP,LATITUDE,LONGITUDE,COUNTY,CITY,POINT_X,POINT_Y
8137493,2016,12/20/16,4203,10/3/16,2108,3510,19,1,5,5,4203,0,0,0,,0,6,CLIFF DR,LAS POSITAS RD,100,E,N,A,G,N,,,,,,,,,,Y,4,0,1,1,A,-,1,23152,A,N,E,I,A,A,H,-,C,A,0,,,,,Y,Y,-,,0,0,1,0,0,0,0,0,0,- ,- ,34.25508,-119.43255,SANTA BARBARA,SANTA BARBARA,-119.7389099,34.40511704
8137633,2016,10/11/16,4203,9/30/16,1250,24048,,5,5,5,4203,0,0,0,,0,6,CLIFF DR,ALAN RD,1056,N,N,A,-,N,,,,,,,,,,N,3,0,1,1,C,-,18,,,N,F,A,A,A,B,-,A,D,0,,Y,,,Y,,-,- ,0,1,0,0,0,0,1,0,0,- ,- ,,,SANTA BARBARA,SANTA BARBARA,-119.7372336,34.40504724
8137645,2016,10/11/16,4203,9/30/16,1200,6048,,5,5,5,4203,0,0,0,,0,2,CABRILLO BL,NINOS DR,450,W,N,A,-,N,,,,,,,,,,Y,4,0,2,2,A,-,9,21804,A,N,D,C,A,A,H,-,A,D,0,,,,,Y,,-,,0,0,2,0,0,0,0,0,0,- ,- ,34.25075,-119.40086,SANTA BARBARA,SANTA BARBARA,-119.6689096,34.41738287
8139603,2016,1/11/17,4203,12/10/16,108,23133,,6,5,5,4203,0,0,0,,0,4,W MISSION ST,BATH ST,159,W,N,A,-,N,,,,,,,,,,Y,3,0,1,1,A,-,3,22350,,N,B,I,A,A,A,H,C,A,0,,,,,Y,,-,,0,1,0,0,0,0,0,0,0,- ,- ,34.42728,-119.71843,SANTA BARBARA,SANTA BARBARA,-119.7183112,34.42728454
8139607,2016,3/6/17,4203,12/17/16,1536,6983,,6,5,5,4203,0,0,0,,0,2,CASTILLO ST,RT 101,0,,Y,A,-,Y,SB,5,101,-,R,14.34,R,4,S,Y,4,0,2,2,A,-,3,22350,,N,D,C,A,B,G,-,A,A,0,,,,,Y,,-,,0,0,2,0,0,0,0,0,0,- ,SF,34.41195,-119.69891,SANTA BARBARA,SANTA BARBARA,-119.702027,34.41249557
8139611,2016,1/11/17,4203,12/13/16,1820,2106,4203,2,5,5,4203,0,0,0,,0,4,ANAPAMU ST,CHAPALA ST,55,E,N,A,-,N,,,,,,,,,,N,4,0,1,2,D,-,0,,,M,-,C,A,A,H,-,C,A,0,,,,,Y,,-,- ,0,0,1,0,0,0,0,0,0,- ,- ,34.25209,-119.42194,SANTA BARBARA,SANTA BARBARA,-119.7054602,34.4224138
8139615,2016,1/11/17,4203,12/15/16,804,3596,,4,5,5,4203,0,0,0,,0,1,OLIVE ST,E ANAPAMU ST,105,S,N,B,-,N,,,,,,,,,,Y,4,0,1,2,D,-,0,,,N,B,C,A,A,H,-,A,D,0,,,,,Y,,-,- ,0,0,1,0,0,0,0,0,0,- ,- ,34.42844,-119.69845,SANTA BARBARA,SANTA BARBARA,-119.6985075,34.42852077
8139619,2016,1/11/17,4203,12/16/16,1043,7774,,5,5,5,4203,0,0,0,,0,2,COAST VILLAGE RD,OLD COAST HWY,170,W,N,A,-,N,,,,,,,,,,N,4,0,1,2,A,-,3,22350,,N,C,C,A,A,H,-,A,D,0,,,,,Y,,-,,0,0,1,0,0,0,0,0,0,- ,- ,,,SANTA BARBARA,SANTA BARBARA,,
8139623,2016,1/27/17,4203,12/17/16,1310,3596,,6,5,5,4203,0,0,0,,0,1,E HALEY ST,N SALISPUEDES ST,0,,Y,A,-,N,,,,,,,,,,Y,3,0,4,2,A,-,12,21453,A,N,D,C,A,A,H,-,A,A,0,,,,,Y,,-,- ,0,2,2,0,0,0,0,0,0,- ,- ,,,SANTA BARBARA,SANTA BARBARA,-119.6887299,34.42318003
8139627,2016,1/11/17,4203,12/16/16,852,23518,,5,5,5,4203,0,0,0,,0,5,FOOTHILL RD,ONTARE RD,0,,Y,A,-,N,,,,,,,,,,Y,3,0,1,2,A,-,12,21453,A,N,D,C,A,A,H,-,A,A,0,,,,,Y,,-,,0,1,0,0,0,0,0,0,0,- ,- ,34.26568,-119.44178,SANTA BARBARA,SANTA BARBARA,-119.73795,34.45051005
8142244,2016,2/28/17,4203,10/11/16,1026,5751,58,2,5,5,4203,0,0,0,,0,5,FOOTHILL RD,ALAMAR AV,210,N,N,A,-,Y,SB,5,192,-,-,2.47,H,-,E,Y,4,0,1,2,A,-,9,21804,A,N,D,C,A,A,H,-,A,D,0,,,,,Y,,A,1,0,0,1,0,0,0,0,0,0,- ,- ,34.44701,-119.72532,SANTA BARBARA,SANTA BARBARA,-119.7239672,34.44667913
8142248,2016,10/26/16,4203,10/16/16,2100,9018,15,7,5,5,4203,0,0,0,,0,2,SHORELINE DR,LOMA ALTA,265,E,N,C,-,N,,,,,,,,,,Y,3,0,1,1,A,-,1,23152,A,N,E,I,A,B,H,-,C,D,0,,,,,Y,Y,A,1,0,1,0,0,0,0,0,0,0,- ,- ,34.242,-119.41823,SANTA BARBARA,SANTA BARBARA,-119.6968648,34.40315338
8142268,2016,12/20/16,4203,10/16/16,1402,4937,SANTA,7,5,5,4203,0,0,0,,0,5,LA COLINA RD,VERANO DR,0,,Y,A,-,N,,,,,,,,,,Y,3,0,2,2,A,-,0,27153,F,N,C,C,A,A,H,-,A,D,0,,,,,Y,Y,D,22,0,2,0,0,0,0,0,0,0,- ,- ,34.2638,-119.4535,SANTA BARBARA,SANTA BARBARA,-119.7604599,34.44425001
8142272,2016,10/26/16,4203,10/7/16,2016,6972,,5,5,5,4203,0,0,0,,0,4,DE LA VINA ST,SOLA ST,247,N,N,A,-,N,,,,,,,,,,N,4,0,1,2,B,-,22,,,N,D,G,A,A,H,-,C,D,0,,Y,,,Y,,L,4,0,0,1,0,0,0,1,0,0,- ,- ,34.2525,-119.4236,SANTA BARBARA,SANTA BARBARA,-119.7098975,34.42355443
8142276,2016,10/26/16,4203,10/7/16,851,6048,,5,5,5,4203,0,0,0,,0,6,CLIFF DR,YANKEE FARM RD,460,W,N,A,-,N,,,,,,,,,,Y,3,0,1,2,A,-,5,21460,A,N,A,C,A,A,H,-,A,D,0,,,,,Y,,A,1,0,1,0,0,0,0,0,0,0,- ,- ,34.24087,-119.454,SANTA BARBARA,SANTA BARBARA,-119.751165,34.40629753
8142279,2016,2/18/17,4203,10/12/16,1336,6972,,3,5,5,4203,0,0,0,,0,5,STATE ST,RT 154,40,W,N,A,-,Y,SB,5,154,-,-,32.839,I,5,W,N,4,0,1,2,A,-,3,22350,A,N,C,C,A,A,H,-,A,A,0,,,,,Y,,-,,0,0,1,0,0,0,0,0,0,- ,- ,34.44048,-119.76013,SANTA BARBARA,SANTA BARBARA,-119.7541252,34.44041376
8142280,2016,10/26/16,4203,10/7/16,1239,5751,62,5,5,5,4203,0,0,0,,0,6,STATE ST,LAS POSITAS RD,440,W,N,A,-,N,,,,,,,,,,N,2,0,2,2,A,-,9,21804,A,N,D,C,A,A,H,-,A,D,0,,,,,Y,,A,7,1,0,1,0,0,0,0,0,0,- ,- ,34.44038,-119.73612,SANTA BARBARA,SANTA BARBARA,-119.7356973,34.4404
8142284,2016,10/26/16,4203,10/6/16,1344,22859,,4,5,5,4203,0,0,0,,0,3,SANTA BARBARA ST,SOLA ST,39,S,N,A,-,N,,,,,,,,,,N,4,0,2,3,A,-,3,22350,,N,C,C,A,A,H,-,A,D,0,,,,,Y,,A,1,0,0,2,0,0,0,0,0,0,- ,- ,34.2538,-119.4216,SANTA BARBARA,SANTA BARBARA,-119.7046537,34.42731856
8142288,2016,10/26/16,4203,10/13/16,925,6700,65,4,5,5,4203,0,0,0,,0,1,MONTECITO ST,VOLUNTARIO ST,9,W,N,B,-,N,,,,,,,,,,N,4,0,1,2,A,-,10,21950,A,N,G,B,B,A,H,-,A,A,0,Y,,,,Y,,A,7,0,0,1,0,1,0,0,0,0,- ,- ,34.42649,-119.68061,SANTA BARBARA,SANTA BARBARA,-119.6805797,34.42654141
8142295,2016,10/26/16,4203,10/11/16,1652,2399,,2,5,5,4203,0,0,0,,0,6,CLIFF DR,ALAN RD,1,W,N,A,-,N,,,,,,,,,,N,4,0,1,2,A,-,21,22106,,N,C,C,A,A,H,-,A,D,0,,,,,Y,,A,1,0,0,1,0,0,0,0,0,0,- ,- ,34.24153,-119.44343,SANTA BARBARA,SANTA BARBARA,-119.7406931,34.40488911
8142299,2016,10/26/16,4203,10/7/16,908,9480,,5,5,5,4203,0,0,0,,0,5,BATH ST,NOGALES AV,0,,Y,A,-,N,,,,,,,,,,N,3,0,1,1,D,-,0,,,N,E,-,A,A,H,-,A,D,0,,Y,,,Y,,-,- ,0,1,0,0,0,0,1,0,0,- ,- ,34.25527,-119.43224,SANTA BARBARA,SANTA BARBARA,-119.7227299,34.43114008
8142303,2016,10/26/16,4203,10/14/16,1727,2712,,5,5,5,4203,0,0,0,,0,1,SALINAS ST,EUCALYPTUS HILL RD,60,N,N,A,-,N,,,,,,,,,,N,3,0,1,2,A,-,11,21950,B,N,G,B,D,A,H,-,A,D,0,Y,,,,Y,,N,60,0,1,0,0,1,0,0,0,0,- ,- ,34.25303,-119.40156,SANTA BARBARA,SANTA BARBARA,-119.6708838,34.42506443
8142307,2016,10/26/16,4203,10/9/16,1915,8018,46,7,5,5,4203,0,0,0,,0,3,SANTA BARBARA ST,VICTORIA ST,330,N,N,A,-,N,,,,,,,,,,Y,3,0,2,3,A,-,8,22107,,N,F,E,A,A,H,-,C,D,0,,,,,Y,,A,1,0,2,0,0,0,0,0,0,0,- ,- ,,,SANTA BARBARA,SANTA BARBARA,-119.7042845,34.42704452
8142310,2016,10/20/16,4203,10/4/16,1410,5751,33,2,5,5,4203,0,0,0,,0,4,DE LA VINA ST,W VICTORIA ST,0,,Y,A,-,N,,,,,,,,,,Y,4,0,2,2,A,-,3,22350,,N,D,C,A,A,H,-,A,D,0,,,,,Y,,A,1,0,0,2,0,0,0,0,0,0,- ,- ,34.42217,-119.70801,SANTA BARBARA,SANTA BARBARA,-119.7080099,34.4221801
8142311,2016,10/26/16,4203,10/6/16,1239,6700,17,4,5,5,4203,0,0,0,,0,6,CLIFF DR,OCEANO AV,0,,Y,A,-,N,,,225,,,,,,,N,2,0,1,2,A,-,9,21802,A,N,H,G,A,A,H,-,A,A,0,,Y,,,Y,,A,7,1,0,0,0,0,0,1,0,0,- ,- ,34.40424,-119.70547,SANTA BARBARA,SANTA BARBARA,-119.7054976,34.40428432
8142315,2016,10/26/16,4203,10/5/16,922,6700,62,3,5,5,4203,0,0,0,,0,5,STATE ST,ONTARE RD,45,W,N,A,-,N,,,,,,,,,,Y,4,0,1,2,A,-,3,22350,,N,C,C,A,A,H,-,A,D,0,,,,,Y,,A,1,0,0,1,0,0,0,0,0,0,- ,- ,34.44048,-119.74039,SANTA BARBARA,SANTA BARBARA,-119.7402391,34.44042
8142319,2016,10/26/16,4203,10/12/16,1207,6700,46,3,5,5,4203,0,0,0,,0,3,SANTA BARBARA ST,FIGUEROA ST,137,N,N,A,-,N,,,,,,,,,,N,3,0,1,2,A,-,17,22517,,N,H,G,A,A,H,-,A,D,0,,Y,,,Y,,A,1,0,1,0,0,0,0,1,0,0,- ,- ,34.42493,-119.70138,SANTA BARBARA,SANTA BARBARA,-119.7012788,34.42484039
8142329,2016,10/20/16,4203,10/3/16,2100,2520,4203,1,5,5,4203,0,0,0,,0,3,GARDEN ST,RT 101,0,,Y,A,G,N,,,,,,,,,,Y,4,0,2,2,A,-,12,21453,A,N,D,C,A,A,H,-,C,A,0,,,,,Y,,-,,0,0,2,0,0,0,0,0,0,- ,SF,,,SANTA BARBARA,SANTA BARBARA,-119.6897999,34.41836011
8143092,2016,2/28/17,4203,10/4/16,1542,5751,62,2,5,5,4203,0,0,0,,0,1,RT 101,S MILPAS ST,96,W,N,A,-,Y,SB,5,101,-,-,12.859,R,1,S,N,4,0,1,2,A,-,3,22350,,N,C,C,A,A,H,-,A,D,0,,,,,Y,,A,7,0,0,1,0,0,0,0,0,0,SF,- ,34.42,-119.67749,SANTA BARBARA,SANTA BARBARA,-119.6790056,34.42015746
8144422,2016,12/19/16,4203,10/22/16,2110,1959,,6,5,5,4203,0,0,0,,0,3,E FIGUEROA ST,STATE ST,5,E,N,A,-,N,,,,,,,,,,N,4,0,1,2,A,-,10,21950,A,N,G,B,B,A,H,-,C,A,0,Y,,,,Y,,-,,0,0,1,0,1,0,0,0,0,- ,- ,34.2521,-119.42113,SANTA BARBARA,SANTA BARBARA,-119.703159,34.42242029
8145415,2016,10/20/16,4203,10/6/16,1907,90343,32,4,5,5,4203,0,0,0,,0,2,RUSSELL AV,MAIN ST,100,N,N,A,-,N,,,,,,,,,,N,3,0,1,2,A,-,11,21954,A,N,G,B,D,A,H,-,D,D,0,Y,,,,Y,Y,N,60,0,1,0,0,1,0,0,0,0,- ,- ,34.95312,-120.45151,SANTA BARBARA,SANTA BARBARA,-120.4515032,34.95356461
8145792,2016,10/18/16,4203,9/30/16,1349,22859,,5,5,5,4203,0,0,0,,0,4,DE LA VINA ST,W CANON PERDIDO ST,0,,Y,A,-,N,,,,,,,,,,N,4,0,1,2,A,-,5,21650,1,N,D,G,A,A,A,-,A,A,0,,Y,,,Y,,L,4,0,0,1,0,0,0,1,0,0,- ,- ,34.42,-119.7,SANTA BARBARA,SANTA BARBARA,-119.7028499,34.4184
8146187,2015,10/25/16,4203,10/1/15,1540,7189,,4,5,5,4203,0,0,0,,0,2,E GUTIERREZ ST,N MILPAS ST,0,,Y,A,-,N,,,,,,,,,,N,4,0,1,2,A,-,10,21950,A,N,-,B,B,A,H,-,A,A,0,Y,,,,Y,Y,D,22,0,0,1,0,1,0,0,0,0,- ,- ,34.2531,-119.41028,SANTA BARBARA,SANTA BARBARA,-119.6840599,34.42539002
8146203,2016,11/4/16,4203,10/3/16,1306,6700,30,1,5,5,4203,0,0,0,,0,4,CHAPALA ST,COTA ST,0,,Y,A,-,N,,,,,,,,,,N,3,0,1,2,A,-,9,21801,A,N,D,C,A,A,H,-,A,A,0,,,Y,,Y,,A,7,0,1,0,0,0,0,0,0,1,- ,- ,,,SANTA BARBARA,SANTA BARBARA,-119.69795,34.41666002
8146231,2016,10/17/16,4203,10/3/16,749,6700,32,1,5,5,4203,0,0,0,,0,4,BATH ST,VICTORIA ST,0,,Y,A,-,N,,,,,,,,,,N,4,0,1,2,A,-,4,21703,,N,C,C,A,A,H,-,A,D,0,,,,,Y,,A,1,0,0,1,0,0,0,0,0,0,- ,- ,34.42109,-119.70915,SANTA BARBARA,SANTA BARBARA,-119.7091099,34.42115009
8146851,2016,10/20/16,4203,10/3/16,1439,90241,68,1,5,5,4203,0,0,0,,0,3,MILLER ST,BATTLES RD,15,S,N,A,-,N,,,,,,,,,,N,4,0,1,2,A,-,21,22106,,N,C,C,A,A,H,-,A,A,0,,,,,Y,,D,22,0,0,1,0,0,0,0,0,0,- ,- ,34.93133,-120.4319,SANTA BARBARA,SANTA BARBARA,-120.431781,34.93139881
8147954,2016,10/18/16,4203,9/23/16,836,3849,47,5,5,5,4203,0,0,0,,0,3,GARDEN ST,VALERIO ST,0,,Y,A,-,N,,,,,,,,,,Y,4,0,2,2,D,-,0,,,N,D,C,A,A,H,-,A,A,0,,,,,Y,,-,- ,0,0,2,0,0,0,0,0,0,- ,- ,34.25524,-119.42269,SANTA BARBARA,SANTA BARBARA,-119.7074799,34.43122011
8148683,2016,10/19/16,4203,10/12/16,1845,6972,,3,5,5,4203,0,0,0,,0,6,W CARRILLO ST,MIRAMONTE DR,24,E,N,A,-,N,,,,,,,,,,Y,3,0,1,2,A,-,1,23153,,N,A,C,A,A,H,-,C,D,0,,,,,Y,Y,-,,0,1,0,0,0,0,0,0,0,- ,- ,,,SANTA BARBARA,SANTA BARBARA,-119.7176509,34.40976254
8151088,2016,10/26/16,4203,10/13/16,1838,22854,,4,5,5,4203,0,0,0,,0,5,STATE ST,HITCHCOCK WY,0,,Y,A,-,N,,,,,,,,,,N,3,0,1,2,A,-,8,22107,,N,H,G,A,A,H,-,B,A,0,,Y,,,Y,,-,,0,1,0,0,0,0,1,0,0,- ,- ,34.2625,-119.444,SANTA BARBARA,SANTA BARBARA,-119.7444499,34.44048005
8151092,2016,2/28/17,4203,10/14/16,1103,6048,,5,5,5,4203,0,0,0,,0,6,CARRILLO ST,RT 101,0,,Y,A,-,Y,SB,5,101,-,R,14.92,R,4,S,N,4,0,1,2,A,-,7,21658,A,N,B,C,A,A,H,-,A,D,0,,,,,Y,,-,,0,0,1,0,0,0,0,0,0,- ,SF,34.24579,-119.42271,SANTA BARBARA,SANTA BARBARA,-119.7095124,34.41759028
8151096,2016,10/26/16,4203,10/13/16,1936,7187,,4,5,5,4203,0,0,0,,0,4,STATE ST,STATE ST 800,0,,N,A,-,N,,,,,,,,,,Y,3,0,1,3,A,-,3,22350,,N,C,C,A,A,H,-,C,A,0,,,,,Y,Y,-,,0,1,0,0,0,0,0,0,0,- ,- ,34.42002,-119.69994,SANTA BARBARA,SANTA BARBARA,,
8153738,2016,10/26/16,4203,10/16/16,1722,1584,40,7,5,5,4203,0,0,0,,0,4,STATE ST,GUTIERREZ ST,140,S,N,B,-,N,,,,,,,,,,N,3,0,1,1,A,-,3,22350,,N,A,I,A,A,H,-,A,A,0,,,,,Y,,-,,0,1,0,0,0,0,0,0,0,- ,- ,34.24591,-119.4138,SANTA BARBARA,SANTA BARBARA,-119.6938821,34.41560677
8153746,2015,12/28/16,4203,10/14/15,1948,22854,,3,5,5,4203,0,0,0,,0,5,LAS POSITAS RD,STATE ST,142,S,N,A,-,N,,,,,,,,,,N,4,0,1,2,A,-,9,21804,A,N,A,C,A,A,H,-,C,D,0,,,,,Y,,-,,0,0,1,0,0,0,0,0,0,- ,- ,34.2623,-119.4403,SANTA BARBARA,SANTA BARBARA,-119.7342572,34.43997048
8153750,2016,10/26/16,4203,10/1/16,1558,7774,,6,5,5,4203,0,0,0,,0,4,CHAPALA ST,ORTEGA ST,190,N,N,A,-,N,,,,,,,,,,N,4,0,1,2,A,-,10,21952,,N,G,B,C,A,H,-,A,D,0,Y,,,,Y,,-,,0,0,1,0,1,0,0,0,0,- ,- ,34.41804,-119.69965,SANTA BARBARA,SANTA BARBARA,-119.699654,34.41797333
8154449,2016,10/28/16,4203,10/19/16,811,6048,,3,5,5,4203,0,0,0,,0,1,INDIO MUERTO ST,CANADA ST,0,,Y,A,-,N,,,,,,,,,,Y,4,0,1,2,A,-,9,21802,A,N,D,C,A,A,H,-,A,D,0,,,,,Y,,-,,0,0,1,0,0,0,0,0,0,- ,- ,34.42306,-119.67053,SANTA BARBARA,SANTA BARBARA,-119.6705799,34.42301002
8154473,2016,12/2/16,4203,10/19/16,1119,6700,75,3,5,5,4203,0,0,0,,0,1,MISSION RIDGE RD,SAN CARLOS RD,60,E,N,A,-,N,,,,,,,,,,N,3,0,1,1,D,-,0,,,N,F,A,A,A,H,-,A,D,0,,Y,,,Y,,-,- ,0,1,0,0,0,0,1,0,0,- ,- ,34.44066,-119.7011,SANTA BARBARA,SANTA BARBARA,-119.7011112,34.4407
8154477,2016,10/28/16,4203,10/22/16,217,23133,,6,5,5,4203,0,0,0,,0,3,STATE ST,VICTORIA ST,33,S,N,A,-,N,,,,,,,,,,N,4,0,2,2,A,-,1,23153,A,F,C,C,A,A,H,-,C,A,0,,,,,Y,Y,-,,0,0,2,0,0,0,0,0,0,- ,- ,34.42423,-119.70558,SANTA BARBARA,SANTA BARBARA,-119.7056589,34.4242392
8155231,2016,11/3/16,4203,10/20/16,1238,6700,13,4,5,5,4203,0,0,0,,0,2,BATH ST,MASON ST,0,,Y,A,-,N,,,,,,,,,,N,3,0,1,2,A,-,3,22350,,N,G,B,D,A,H,-,A,D,0,Y,,,,Y,,D,22,0,1,0,0,1,0,0,0,0,- ,- ,34.4097,-119.69357,SANTA BARBARA,SANTA BARBARA,-119.6937599,34.40993008
8155235,2016,11/3/16,4203,10/28/16,803,5751,34,5,5,5,4203,0,0,0,,0,4,VALERIO ST,CASTILLO ST,220,E,N,A,-,N,,,,,,,,,,N,3,0,1,2,A,-,11,21950,B,N,G,B,E,A,H,-,A,D,0,Y,,,,Y,,N,60,0,1,0,0,1,0,0,0,0,- ,- ,34.42529,-119.71484,SANTA BARBARA,SANTA BARBARA,-119.714855,34.42431339
8155684,2016,11/2/16,4203,10/21/16,1045,7189,,5,5,5,4203,0,0,0,,0,4,DE LA VINA ST,WEST ARRELLAGA ST,0,,Y,A,-,N,,,,,,,,,,N,4,0,1,2,A,-,5,21650,,N,G,G,A,A,H,-,A,A,0,,Y,,,Y,,L,4,0,0,1,0,0,0,1,0,0,- ,- ,34.42508,-119.71171,SANTA BARBARA,SANTA BARBARA,-119.7118699,34.42499007
8155696,2016,2/28/17,4203,10/22/16,1056,3626,,6,5,5,4203,0,0,0,,0,2,CASTILLO ST,RT 101,0,,Y,A,-,Y,SB,5,101,-,R,14.34,R,1,S,Y,4,0,4,2,A,-,3,22350,,N,C,C,A,B,H,-,A,A,0,,,,,Y,,-,,0,0,4,0,0,0,0,0,0,- ,SF,34.412,-119.699,SANTA BARBARA,SANTA BARBARA,-119.702027,34.41249557
8160343,2016,11/8/16,4203,10/31/16,1210,5618,35,1,5,5,4203,0,0,0,,0,4,STATE ST,MISSION ST,27,S,N,A,-,N,,,,,,,,,,N,4,0,1,2,A,-,8,22107,,N,-,G,A,A,H,-,A,A,0,,Y,,,Y,,-,,0,0,1,0,0,0,1,0,0,- ,- ,34.25506,-119.42524,SANTA BARBARA,SANTA BARBARA,-119.714641,34.4307828
8160363,2016,11/8/16,4203,10/29/16,1837,22854,,6,5,5,4203,0,0,0,,0,6,EL CAMINO DE LA LUZ,OLIVER RD,76,E,N,A,-,N,,,,,,,,,,Y,3,0,1,1,A,-,3,22350,,N,H,A,A,A,H,-,B,D,0,,,,,Y,,-,,0,1,0,0,0,0,0,0,0,- ,- ,34.235,-119.4335,SANTA BARBARA,SANTA BARBARA,-119.7270033,34.39752843
8160375,2016,11/8/16,4203,10/6/16,1709,6693,56,4,5,5,4203,0,0,0,,0,5,LA COLINA RD,PESETAS LN,0,,Y,A,-,N,,,,,,,,,,N,3,0,1,3,D,-,0,,,F,D,G,A,A,H,-,A,A,0,,Y,,,Y,,-,- ,0,1,0,0,0,0,1,0,0,- ,- ,34.2531,-119.4203,SANTA BARBARA,SANTA BARBARA,-119.7584199,34.44423005
8160391,2016,11/8/16,4203,10/28/16,1712,6973,,5,5,5,4203,0,0,0,,0,3,E GUTIERREZ ST,E GUTIERREZ ST  100 BLOCK,5,S,N,A,-,N,,,,,,,,,,N,3,0,1,2,A,-,10,21950,A,N,G,B,B,A,H,-,B,D,0,Y,,,,Y,,-,,0,1,0,0,1,0,0,0,0,- ,- ,34.416,-119.693,SANTA BARBARA,SANTA BARBARA,-119.691844,34.41799
8160395,2016,11/8/16,4203,10/29/16,1244,9480,,6,5,5,4203,0,0,0,,0,4,CASTILLO ST,W PEDREGOSA ST,0,,Y,A,-,N,,,,,,,,,,Y,4,0,1,3,A,-,1,23152,A,N,C,E,A,A,H,-,A,A,0,,,,,Y,Y,-,,0,0,1,0,0,0,0,0,0,- ,- ,34.25604,-119.43009,SANTA BARBARA,SANTA BARBARA,-119.7178799,34.42570005
8163796,2016,12/19/16,4203,10/31/16,1520,5751,11,1,5,5,4203,0,0,0,,0,2,HOT SPRINGS RD,OLD COAST HWY,0,,Y,A,-,N,,,,,,,,,,Y,4,0,1,2,A,-,9,21803,A,N,D,C,A,A,H,-,A,D,0,,,,,Y,,D,22,0,0,1,0,0,0,0,0,0,- ,- ,,,SANTA BARBARA,SANTA BARBARA,,
8163799,2016,12/6/16,4203,9/28/16,540,23136,SBSC,3,5,5,4203,0,0,0,,0,3,LAGUNA ST,COTA ST,0,,Y,A,-,N,,,,,,,,,,N,4,0,1,2,D,-,0,,,N,-,-,A,A,H,-,B,D,0,,Y,,,Y,,-,- ,0,0,1,0,0,0,1,0,0,- ,- ,,,SANTA BARBARA,SANTA BARBARA,-119.6922499,34.42201007
8167073,2018,6/11/18,4203,1/4/18,633,8690,56,4,5,5,4203,0,0,0,,0,5,STATE ST,RT 101,328,E,N,C,-,N,,,,,,,,,,Y,1,1,0,2,A,-,11,21955,,N,G,B,D,B,H,-,C,D,0,Y,,,,Y,,N,60,0,0,0,1,0,0,0,0,0,- ,NF,34.44049072,-119.7528763,SANTA BARBARA,SANTA BARBARA,-119.7555466,34.44029999
8169047,2016,1/18/17,4203,11/3/16,2258,3849,,4,5,5,4203,0,0,0,,0,5,LAS POSITAS RD,CALLE REAL,0,,Y,A,-,N,,,225,,,,,,,Y,4,0,1,2,A,-,1,23152,A,F,C,C,A,A,H,-,C,A,0,,,,,Y,Y,-,,0,0,1,0,0,0,0,0,0,- ,- ,34.4287,-119.7337,SANTA BARBARA,SANTA BARBARA,-119.7337295,34.42802281
8169104,2016,11/16/16,4203,11/2/16,800,23518,,3,5,5,4203,0,0,0,,0,6,CLIFF DR,MESA LN,270,W,N,A,-,N,,,,,,,,,,N,3,0,1,2,A,-,3,22350,,N,C,G,A,A,H,-,A,D,0,,Y,,,Y,,-,,0,1,0,0,0,0,0,0,0,- ,- ,34.24137,-119.43525,SANTA BARBARA,SANTA BARBARA,-119.731126,34.40384492
8169108,2016,11/16/16,4203,11/3/16,2015,22854,,4,5,5,4203,0,0,0,,0,6,MEIGS RD,CLIFF DR,252,S,N,A,-,N,,,,,,,,,,Y,3,0,1,2,A,-,1,23152,,N,D,C,A,A,H,-,C,D,0,,,,,Y,,-,,0,1,0,0,0,0,0,0,0,- ,- ,34.2402,-119.432,SANTA BARBARA,SANTA BARBARA,-119.7222229,34.40088025