CASE_ID,ACCIDENT_YEAR,PROC_DATE,JURIS,COLLISION_DATE,COLLISION_TIME,OFFICER_ID,REPORTING_DISTRICT,DAY_OF_WEEK,CHP_SHIFT,POPULATION,CNTY_CITY_LOC,SPECIAL_COND,BEAT_TYPE,CHP_BEAT_TYPE,CITY_DIVISION_LAPD,CHP_BEAT_CLASS,BEAT_NUMBER,PRIMARY_RD,SECONDARY_RD,DISTANCE,DIRECTION,INTERSECTION,WEATHER_1,WEATHER_2,STATE_HWY_IND,CALTRANS_COUNTY,CALTRANS_DISTRICT,STATE_ROUTE,ROUTE_SUFFIX,POSTMILE_PREFIX,POSTMILE,LOCATION_TYPE,RAMP_INTERSECTION,SIDE_OF_HWY,TOW_AWAY,COLLISION_SEVERITY,NUMBER_KILLED,NUMBER_INJURED,PARTY_COUNT,PRIMARY_COLL_FACTOR,PCF_CODE_OF_VIOL,PCF_VIOL_CATEGORY,PCF_VIOLATION,PCF_VIOL_SUBSECTION,HIT_AND_RUN,TYPE_OF_COLLISION,MVIW,PED_ACTION,ROAD_SURFACE,ROAD_COND_1,ROAD_COND_2,LIGHTING,CONTROL_DEVICE,CHP_ROAD_TYPE,PEDESTRIAN_ACCIDENT,BICYCLE_ACCIDENT,MOTORCYCLE_ACCIDENT,TRUCK_ACCIDENT,NOT_PRIVATE_PROPERTY,ALCOHOL_INVOLVED,STWD_VEHTYPE_AT_FAULT,CHP_VEHTYPE_AT_FAULT,COUNT_SEVERE_INJ,COUNT_VISIBLE_INJ,COUNT_COMPLAINT_PAIN,COUNT_PED_KILLED,COUNT_PED_INJURED,COUNT_BICYCLIST_KILLED,COUNT_BICYCLIST_INJURED,COUNT_MC_KILLED,COUNT_MC_INJURED,PRIMARY_RAMP,SECONDARY_RAMP,LATITUDE,LONGITUDE,COUNTY,CITY,POINT_X,POINT_Y
8461764,2017,10/30/17,4203,9/21/17,1216,24079,,4,5,5,4203,0,0,0,,0,4,CANON PERDIDO ST,STATE ST,139,W,N,A,-,N,,,,,,,,,,N,3,0,1,2,A,-,17,22517,,N,B,G,A,A,H,-,A,D,0,,Y,,,Y,,A,1,0,1,0,0,0,0,1,0,0,- ,- ,34.2513,-119.424,SANTA BARBARA,SANTA BARBARA,-119.7009025,34.42023224
8461835,2017,10/30/17,4203,9/19/17,1710,5751,66,2,5,5,4203,0,0,0,,0,1,NORTH VOLUNTARIO ST,EAST DE LA GUERRA ST,247,S,N,A,-,N,,,,,,,,,,Y,4,0,5,2,A,-,7,21658,A,N,A,C,A,A,H,-,A,D,0,,,,Y,Y,,-,- ,0,0,5,0,0,0,0,0,0,- ,- ,34.43081,-119.68693,SANTA BARBARA,SANTA BARBARA,-119.6862939,34.4307932
8462965,2017,10/23/17,4203,10/8/17,1422,5618,30,7,5,5,4203,0,0,0,,0,4,BATH ST,W COTA ST,0,,Y,A,-,N,,,,,,,,,,Y,3,0,1,2,A,-,12,22450,A,N,D,C,A,A,H,-,A,A,0,,,,,Y,,A,1,0,1,0,0,0,0,0,0,0,- ,- ,34.02452,-119.042,SANTA BARBARA,SANTA BARBARA,-119.70013,34.41459004
8462969,2017,10/23/17,4203,10/6/17,1610,3849,,5,5,5,4203,0,0,0,,0,6,CLIFF DR,FLORA VISTA,29,E,N,A,-,N,,,225,,,,,,,N,2,0,1,2,A,-,21,22106,,N,C,C,A,A,H,-,A,A,0,,,,,Y,,-,,1,0,0,0,0,0,0,0,0,- ,- ,34.4035,-119.7297,SANTA BARBARA,SANTA BARBARA,-119.7297123,34.40345599
8463025,2017,10/23/17,4203,10/2/17,1915,2106,4203,1,5,5,4203,0,0,0,,0,3,GARDEN ST,S EQUESTRIAN AV,3,N,N,A,-,N,,,,,,,,,,N,4,0,1,2,A,-,0,23123,5,N,C,C,A,A,H,-,C,A,0,,,,,Y,,A,1,0,0,1,0,0,0,0,0,0,- ,- ,34.2537,-119.4206,SANTA BARBARA,SANTA BARBARA,-119.7016976,34.4269853
8463374,2017,10/25/17,4203,10/12/17,1444,7189,,4,5,5,4203,0,0,0,,0,5,DE LA VINA ST,WEST JUNIPERO ST,0,,Y,A,-,N,,,,,,,,,,Y,4,0,2,2,A,-,8,22100,B,N,D,C,A,A,H,-,A,D,0,,,,,Y,,D,22,0,0,2,0,0,0,0,0,0,- ,- ,,,SANTA BARBARA,SANTA BARBARA,-119.72192,34.43261007
8464871,2017,10/18/17,4203,9/26/17,1557,2661,,2,5,5,4203,0,0,0,,0,4,CASTILLO ST,ARRELLAGA ST,0,,Y,A,-,N,,,,,,,,,,N,4,0,1,2,D,-,0,,,N,D,C,A,A,H,-,A,A,0,,,,,Y,,-,- ,0,0,1,0,0,0,0,0,0,- ,- ,34.2537,-119.4284,SANTA BARBARA,SANTA BARBARA,-119.7140499,34.42290007
8464986,2017,10/19/17,4203,10/6/17,1248,22859,,5,5,5,4203,0,0,0,,0,4,CHAPALA ST,COTA ST,0,,Y,A,-,N,,,,,,,,,,Y,3,0,2,2,A,-,12,21453,A,N,D,C,A,A,H,-,A,A,0,,,,,Y,,-,,0,1,1,0,0,0,0,0,0,- ,- ,34.417,-119.7,SANTA BARBARA,SANTA BARBARA,-119.69795,34.41666002
8464990,2017,10/19/17,4203,10/2/17,956,5206,,1,5,5,4203,0,0,0,,0,2,STATE ST,CABRILLO BL,0,,Y,A,-,N,,,,,,,,,,N,3,0,1,1,C,-,18,,,N,-,A,A,A,-,-,A,A,0,,,,,Y,,-,- ,0,1,0,0,0,0,0,0,0,- ,- ,34.412,-119.689,SANTA BARBARA,SANTA BARBARA,-119.6891899,34.41218009
8464994,2017,11/13/17,4203,10/7/17,1240,22857,,6,5,5,4203,0,0,0,,0,3,STATE ST,ARLINGTON AV,3,N,N,A,-,N,,,,,,,,,,Y,3,0,4,5,A,-,1,23152,F,N,A,I,F,A,H,-,A,D,0,Y,,,,Y,,-,,0,2,2,0,4,0,0,0,0,- ,- ,34.253,-119.4224,SANTA BARBARA,SANTA BARBARA,-119.7063574,34.42473553
8465813,2018,5/22/20,4203,12/3/18,1559,4937,,1,5,5,4203,0,0,0,,0,2,CLIFF DR,LOMA ALTA,280,E,N,A,-,N,,,225,,,,,,,Y,1,1,0,2,A,-,3,22350,,N,E,I,A,A,H,-,A,D,0,,,Y,,Y,,C,2,0,0,0,0,0,0,0,1,0,- ,- ,34.40679932,-119.7004013,SANTA BARBARA,SANTA BARBARA,-119.7004089,34.40686798
8466881,2017,7/13/18,4203,9/23/17,913,7189,,6,5,5,4203,0,0,0,,0,5,CALLE REAL,RT 154,0,,Y,A,-,Y,SB,5,154,-,R,32.25,I,6,E,Y,3,0,1,1,A,-,8,22107,,N,E,I,A,A,H,-,A,D,0,,,Y,,Y,,C,2,0,1,0,0,0,0,0,0,1,- ,- ,,,SANTA BARBARA,SANTA BARBARA,-119.7599683,34.44240441
8466889,2017,10/23/17,4203,9/27/17,1013,4937,,3,5,5,4203,0,0,0,,0,1,MOUNTAIN DR,FOOTHILL,528,E,N,A,-,N,,,,,,,,,,Y,4,0,1,1,A,-,3,22350,,N,A,I,A,A,H,-,A,D,0,,,,,Y,,A,1,0,0,1,0,0,0,0,0,0,- ,- ,34.4439,-119.6981,SANTA BARBARA,SANTA BARBARA,-119.698486,34.44416426
8466893,2017,10/23/17,4203,9/25/17,1612,6970,,1,5,5,4203,0,0,0,,0,4,CHAPALA ST,VALERIO ST,110,S,N,A,-,N,,,,,,,,,,N,3,0,1,2,A,-,6,21750,A,N,B,G,A,A,H,-,A,D,0,,Y,,,Y,,-,,0,1,0,0,0,0,1,0,0,- ,- ,34.2536,-119.42416,SANTA BARBARA,SANTA BARBARA,-119.7116742,34.4268133
8466950,2017,10/12/17,4203,9/26/17,739,2520,4203,2,5,5,4203,0,0,0,,0,2,CABRILLO BL,CORONA DEL MAR,0,,Y,A,-,N,,,,,,,,,,Y,3,0,3,2,A,-,3,22350,,N,C,C,A,A,H,-,A,A,0,,,,,Y,,-,,0,1,2,0,0,0,0,0,0,- ,- ,34.2517,-119.383,SANTA BARBARA,SANTA BARBARA,-119.6708399,34.41703008
8466954,2017,6/1/18,4203,9/26/17,742,22857,,2,5,5,4203,0,0,0,,0,3,GARDEN ST,RT 101,0,,Y,A,-,Y,SB,5,101,-,-,13.357,R,4,S,Y,4,0,1,2,A,-,9,21801,A,N,D,C,A,A,H,-,A,A,0,,,,,Y,,-,,0,0,1,0,0,0,0,0,0,- ,NO,34.257,-119.4125,SANTA BARBARA,SANTA BARBARA,-119.6874827,34.41927215
8466958,2017,10/13/17,4203,9/22/17,1013,4937,,5,5,5,4203,0,0,0,,0,3,SANTA BARBARA ST,CANON PERDIDO,0,,Y,A,-,N,,,,,,,,,,Y,4,0,3,2,A,-,12,21453,A,N,D,C,A,A,H,-,A,A,0,,,,,Y,,A,1,0,0,3,0,0,0,0,0,0,- ,- ,34.4226,-119.6982,SANTA BARBARA,SANTA BARBARA,-119.6982999,34.42265001
8469333,2017,1/9/18,4203,12/16/17,1507,3599,,6,5,5,4203,0,0,0,,0,2,SAN PASCUAL ST,COTA ST,0,N,N,B,-,N,,,,,,,,,,Y,3,0,2,3,A,-,9,21804,A,N,D,C,A,A,H,-,A,D,0,,,,,Y,,-,,0,2,0,0,0,0,0,0,0,- ,- ,34.41179,-119.70416,SANTA BARBARA,SANTA BARBARA,-119.7035,34.41145001
8470070,2017,10/24/17,4203,10/9/17,1730,6136,,1,5,5,4203,0,0,0,,0,4,CASTILLO ST,WEST MISSION ST,120,S,N,A,-,N,,,,,,,,,,N,3,0,1,1,A,-,3,22350,,N,E,I,A,A,A,-,A,D,0,,Y,,,Y,,L,4,0,1,0,0,0,0,1,0,0,- ,- ,,,SANTA BARBARA,SANTA BARBARA,-119.7187807,34.42635304
8470074,2017,10/24/17,4203,10/5/17,2210,3434,,4,5,5,4203,0,0,0,,0,3,VICTORIA ST,ANACAPA ST,50,E,N,A,-,N,,,,,,,,,,N,4,0,1,2,A,-,0,23142,,N,-,C,A,A,H,-,C,A,0,,,,,Y,Y,-,,0,0,1,0,0,0,0,0,0,- ,- ,34.2531,-119.423,SANTA BARBARA,SANTA BARBARA,-119.7044307,34.42553317
8472236,2017,7/13/18,4203,10/12/17,1426,7774,,4,5,5,4203,0,0,0,,0,2,RT 101,MILPAS ST,105,E,N,A,-,Y,SB,5,101,-,-,12.859,R,4,S,N,4,0,1,2,A,-,7,21658,A,N,D,C,A,A,H,-,A,A,0,,,,,Y,,-,,0,0,1,0,0,0,0,0,0,SF,- ,34.41895,-119.67469,SANTA BARBARA,SANTA BARBARA,-119.6790056,34.42015746
8472764,2017,11/3/17,4203,10/10/17,1820,23136,SBSC,2,5,5,4203,0,0,0,,0,3,GARDEN ST,HALEY ST,0,,N,A,-,N,,,,,,,,,,N,4,0,1,2,A,-,1,23152,,N,C,C,A,A,H,-,C,A,0,,,,,Y,Y,A,1,0,0,1,0,0,0,0,0,0,- ,- ,34.25178,-119.3955,SANTA BARBARA,SANTA BARBARA,-119.6921199,34.42001
8474058,2017,6/8/18,4203,10/17/17,1227,6700,62,2,5,5,4203,0,0,0,,0,,MILPAS ST,CACIQUE ST,400,N,N,A,-,N,,,,,,,,,,Y,4,0,1,1,A,-,1,23152,A,N,E,I,A,A,H,-,A,D,0,,,,,Y,Y,A,7,0,0,1,0,0,0,0,0,0,- ,- ,34.42052,-119.67739,SANTA BARBARA,SANTA BARBARA,-119.67708,34.42029
8474521,2017,12/9/17,4203,10/21/17,1928,23766,,6,5,5,4203,0,0,0,,0,4,DE LA VINH ST,MICHELTORENA ST,0,,Y,A,-,N,,,,,,,,,,Y,2,0,1,2,A,-,1,23152,,N,D,C,A,A,H,-,B,A,0,,,Y,,Y,Y,A,7,1,0,0,0,0,0,0,0,1,- ,- ,34.4239,-119.7105,SANTA BARBARA,SANTA BARBARA,,
8475211,2017,12/9/17,4203,10/21/17,1554,3849,18,6,5,5,4203,0,0,0,,0,6,SHORELINE DR,SANTA CRUZ BL,0,,Y,A,-,N,,,,,,,,,,N,3,0,1,2,A,-,9,21801,A,N,D,G,A,A,H,-,A,A,0,,Y,,,Y,,-,,0,1,0,0,0,0,1,0,0,- ,- ,34.3966,-119.7139,SANTA BARBARA,SANTA BARBARA,-119.7139699,34.39670003
8476561,2017,10/31/17,4203,10/10/17,826,4937,,2,5,5,4203,0,0,0,,0,1,MILPAS ST,YANONALI ST,24,S,N,A,-,N,,,,,,,,,,N,4,0,1,2,A,-,3,22350,,N,C,C,A,A,H,-,A,D,0,,,,,Y,,A,1,0,0,1,0,0,0,0,0,0,- ,- ,34.4234,-119.6813,SANTA BARBARA,SANTA BARBARA,-119.6814185,34.42343825
8476573,2017,10/27/17,4203,10/13/17,1235,673,60,5,5,5,4203,0,0,0,,0,1,MONTECITO ST,QUARANTINA ST,0,,Y,A,-,N,,,,,,,,,,N,3,0,1,2,D,-,0,,,F,B,G,A,A,H,-,A,D,0,,Y,,,Y,,-,- ,0,1,0,0,0,0,1,0,0,- ,- ,34.2532,-119.4247,SANTA BARBARA,SANTA BARBARA,-119.68503,34.42234005
8477012,2017,11/8/17,4203,10/18/17,1857,673,35,3,5,5,4203,0,0,0,,0,4,STATE ST,MISSION ST,27,S,N,A,-,N,,,,,,,,,,Y,4,0,1,2,D,-,0,,,F,C,C,A,A,H,-,C,D,0,,,,,Y,,-,- ,0,0,1,0,0,0,0,0,0,- ,- ,34.25315,-119.42253,SANTA BARBARA,SANTA BARBARA,-119.714641,34.4307828
8477016,2017,12/19/17,4203,10/15/17,1812,4937,,7,5,5,4203,0,0,0,,0,5,STATE ST,HITCHCOCK WY,0,,Y,A,-,N,,,,,,,,,,Y,4,0,1,2,A,-,12,21453,A,N,D,C,A,A,H,-,A,A,0,,,,,Y,,D,22,0,0,1,0,0,0,0,0,0,- ,- ,34.2625,-119.444,SANTA BARBARA,SANTA BARBARA,-119.7444499,34.44048005
8477312,2017,10/24/17,4203,10/13/17,2120,23515,,5,5,5,4203,0,0,0,,0,6,SAN RAFAEL AV,CLIFF DR,450,S,N,A,-,N,,,,,,,,,,N,3,0,1,2,A,-,8,22107,,N,B,E,A,A,H,-,D,D,0,,,,,Y,,A,1,0,1,0,0,0,0,0,0,0,- ,- ,34.40068,-119.71148,SANTA BARBARA,SANTA BARBARA,-119.711179,34.40083894
8477316,2017,10/24/17,4203,10/12/17,1324,24079,,4,5,5,4203,0,0,0,,0,4,BATH ST,JESMARY LN,0,,Y,A,-,N,,,,,,,,,,Y,3,0,1,2,A,-,9,21804,A,N,D,C,A,A,H,-,A,D,0,,,Y,,Y,,C,2,0,1,0,0,0,0,0,0,1,- ,- ,34.2545,-119.4312,SANTA BARBARA,SANTA BARBARA,-119.7209799,34.42982006
8477320,2017,10/24/17,4203,10/13/17,1206,3599,,5,5,5,4203,0,0,0,,0,4,CASTILLO ST,W ARRELLAGA ST,15,N,N,A,-,N,,,,,,,,,,Y,4,0,3,3,C,-,18,,,N,C,C,A,A,H,-,A,D,0,,,,,Y,,-,- ,0,0,3,0,0,0,0,0,0,- ,- ,34.42293,-119.71418,SANTA BARBARA,SANTA BARBARA,-119.7140869,34.42292756
8477324,2017,10/24/17,4203,10/13/17,1358,22857,,5,5,5,4203,0,0,0,,0,3,STATE ST,W PADRE ST,0,,Y,A,-,N,,,,,,,,,,Y,3,0,1,1,A,-,3,22350,,N,H,-,A,A,H,-,A,B,0,,,,,Y,,-,,0,1,0,0,0,0,0,0,0,- ,- ,34.43174,-119.71596,SANTA BARBARA,SANTA BARBARA,-119.71603,34.43177001
8477645,2017,10/31/17,4203,10/15/17,1212,6983,,7,5,5,4203,0,0,0,,0,3,SANTA BARBARA ST,FIGUEROA ST,0,,Y,A,-,N,,,,,,,,,,Y,3,0,1,2,A,-,8,22100,B,F,B,C,A,A,H,-,A,A,0,,,,,Y,,-,,0,1,0,0,0,0,0,0,0,- ,- ,34.2528,-119.424,SANTA BARBARA,SANTA BARBARA,-119.7009399,34.42459
8477649,2017,10/31/17,4203,10/9/17,1909,23133,,1,5,5,4203,0,0,0,,0,4,DE LA VINA ST,MISSION ST,0,,Y,A,-,N,,,,,,,,,,Y,4,0,1,2,A,-,12,21453,A,N,D,C,A,A,H,-,B,A,0,,,,,Y,Y,-,,0,0,1,0,0,0,0,0,0,- ,- ,34.4283,-119.71693,SANTA BARBARA,SANTA BARBARA,-119.7169599,34.42873002
8477653,2017,10/31/17,4203,10/17/17,800,23765,4203,2,5,5,4203,0,0,0,,0,6,MICHELTORENA ST,CHINO ST,50,W,N,A,-,N,,,,,,,,,,Y,4,0,1,3,A,-,21,22106,,N,D,C,A,A,H,-,A,D,0,,,,,Y,,-,,0,0,1,0,0,0,0,0,0,- ,- ,34.2526,-119.4334,SANTA BARBARA,SANTA BARBARA,-119.717343,34.41763959
8477657,2017,10/31/17,4203,10/8/17,1401,22859,,7,5,5,4203,0,0,0,,0,3,LOS OLIVOS ST,LAGUNA ST,0,,Y,A,-,N,,,,,,,,,,Y,3,0,3,2,A,-,9,21800,A,N,D,C,A,A,H,-,A,A,0,,,,,Y,,-,,0,3,0,0,0,0,0,0,0,- ,- ,34.444,-119.71,SANTA BARBARA,SANTA BARBARA,-119.7125999,34.43726004
8478985,2017,11/6/17,4203,10/18/17,1922,24078,36,3,5,5,4203,0,0,0,,0,6,SAN ANDRES ST,MICHELTORENA ST,45,N,N,A,-,N,,,,,,,,,,N,3,0,1,2,D,-,0,,,N,F,J,A,A,H,-,C,A,0,,,Y,,Y,,-,- ,0,1,0,0,0,0,0,0,1,- ,- ,34.41886,-119.71631,SANTA BARBARA,SANTA BARBARA,-119.7162913,34.4188622
8478989,2017,11/6/17,4203,10/19/17,2111,24078,48,4,5,5,4203,0,0,0,,0,3,LAGUNA ST,MONTGOMERY ST,93,S,N,A,-,N,,,,,,,,,,Y,4,0,1,1,A,-,1,23152,A,N,F,E,A,A,H,-,D,D,0,,,,,Y,Y,A,1,0,0,1,0,0,0,0,0,0,- ,- ,34.43472,-119.7094,SANTA BARBARA,SANTA BARBARA,-119.7094953,34.43493556
8483522,2017,11/6/17,4203,10/20/17,1702,24078,51,5,5,5,4203,0,0,0,,0,5,ALAMAR AV,CALLE NOGUERA,0,,Y,G,-,N,,,,,,,,,,N,3,0,1,2,A,-,8,22107,,N,A,G,A,A,H,-,A,A,0,,Y,,,Y,,A,1,0,1,0,0,0,0,1,0,0,- ,- ,34.44292,-119.7248,SANTA BARBARA,SANTA BARBARA,-119.7247299,34.44294006
8483526,2017,11/6/17,4203,10/23/17,659,24321,,1,5,5,4203,0,0,0,,0,1,E COTA ST,BOND AV,243,N,N,A,-,N,,,,,,,,,,N,4,0,1,2,A,-,10,21950,A,N,G,B,B,A,H,-,B,B,0,Y,,,,Y,,-,,0,0,1,0,1,0,0,0,0,- ,- ,34.4262,-119.6878,SANTA BARBARA,SANTA BARBARA,,
8483530,2017,11/6/17,4203,10/26/17,1048,673,25,4,5,5,4203,0,0,0,,0,6,CLIFF DR,MEIGS RD,216,W,N,A,-,N,,,,,,,,,,Y,4,0,1,2,A,-,8,22107,,N,D,C,A,A,H,-,A,D,0,,,,,Y,,A,1,0,0,1,0,0,0,0,0,0,- ,- ,34.2411,-119.4328,SANTA BARBARA,SANTA BARBARA,-119.7227638,34.40170498
8483534,2017,11/6/17,4203,10/27/17,1852,3849,36,5,5,5,4203,0,0,0,,0,5,BATH ST,QUINTO ST,106,S,N,A,-,N,,,,,,,,,,Y,4,0,1,3,A,-,1,23152,A,N,B,E,A,A,H,-,C,A,0,,,,,Y,Y,-,,0,0,1,0,0,0,0,0,0,- ,- ,34.4321,-119.7242,SANTA BARBARA,SANTA BARBARA,-119.72464,34.43223
8483538,2017,11/6/17,4203,10/25/17,1655,6136,,3,5,5,4203,0,0,0,,0,3,STATE ST,ARRELLAGA,0,,Y,A,-,N,,,,,,,,,,Y,3,0,2,2,A,-,9,21801,A,N,D,C,A,A,H,-,A,A,0,,,,,Y,,-,,0,2,0,0,0,0,0,0,0,- ,- ,34.4271,-119.7095,SANTA BARBARA,SANTA BARBARA,-119.7095899,34.42710004
8483542,2017,11/6/17,4203,10/26/17,808,7189,,4,5,5,4203,0,0,0,,0,4,W CARRILLO ST,BATH ST,152,E,N,A,-,N,,,,,,,,,,N,4,0,1,2,A,-,8,22107,,N,B,G,A,A,H,-,A,D,0,,Y,,,Y,,L,4,0,0,1,0,0,0,1,0,0,- ,- ,34.41901,-119.70518,SANTA BARBARA,SANTA BARBARA,-119.7049094,34.41862737
8483546,2017,11/6/17,4203,10/29/17,645,1584,61,7,5,5,4203,0,0,0,,0,1,MILPAS ST,ALPHONSE ST,39,N,N,E,-,N,,,,,,,,,,Y,3,0,1,1,A,-,8,22107,,N,E,I,A,A,H,-,B,A,0,,,,,Y,,-,,0,1,0,0,0,0,0,0,0,- ,- ,34.25405,-119.41144,SANTA BARBARA,SANTA BARBARA,-119.6873584,34.42779944
8483550,2017,11/6/17,4203,10/28/17,1446,23768,,6,5,5,4203,0,0,0,,0,4,W FIGUEROA ST,STATE ST,45,W,N,A,-,N,,,,,,,,,,N,4,0,2,2,A,-,3,22350,,N,C,C,A,A,H,-,A,A,0,,,,,Y,,A,1,0,0,2,0,0,0,0,0,0,- ,- ,34.42217,-119.70328,SANTA BARBARA,SANTA BARBARA,-119.7032696,34.42231806
8483554,2017,11/6/17,4203,10/28/17,2059,3434,,6,5,5,4203,0,0,0,,0,3,SANTA BARBARA ST,MISSION ST,0,,Y,A,-,N,,,,,,,,,,,4,0,1,2,A,-,9,21800,C,N,D,C,A,A,H,-,C,A,0,,,,,Y,,-,,0,0,1,0,0,0,0,0,0,- ,- ,34.2558,-119.4243,SANTA BARBARA,SANTA BARBARA,-119.7124399,34.43297001
8483558,2017,11/6/17,4203,10/27/17,156,6378,,5,5,5,4203,0,0,0,,0,2,BUTTERFLY LN,RAILROAD,0,,Y,A,-,N,,,,,,,,,,Y,3,0,1,1,A,-,1,23152,A,N,E,I,A,A,G,-,C,D,0,,,,,Y,Y,-,,0,1,0,0,0,0,0,0,0,- ,- ,,,SANTA BARBARA,SANTA BARBARA,,
8483562,2017,11/6/17,4203,10/13/17,927,2720,,5,5,5,4203,0,0,0,,0,4,W CARRILLO ST,CHAPALA ST,215,E,N,A,-,N,,,,,,,,,,N,4,0,1,2,A,-,3,22350,,N,C,C,A,A,H,-,A,D,0,,,,,Y,,-,,0,0,1,0,0,0,0,0,0,- ,- ,34.4209,-119.70248,SANTA BARBARA,SANTA BARBARA,-119.7025207,34.4209081
8484931,2017,12/7/17,4203,11/11/17,158,23770,,6,5,5,4203,0,0,0,,0,6,WEST MISSION ST,SAN ANDRES ST,195,W,N,A,-,N,,,,,,,,,,Y,3,0,1,2,A,-,1,23152,A,N,B,E,A,A,H,-,C,D,0,,,,,Y,Y,A,1,0,1,0,0,0,0,0,0,0,- ,- ,34.4227,-119.723,SANTA BARBARA,SANTA BARBARA,-119.7229061,34.42295754
8486644,2017,1/6/18,4203,10/31/17,1151,24079,,2,5,5,4203,0,0,0,,0,5,STATE ST,N LA CUMBRE RD,38,E,N,B,-,N,,,,,,,,,,N,4,0,1,2,D,-,0,,,N,D,-,A,A,H,-,A,D,0,,,Y,Y,Y,,-,- ,0,0,1,0,0,0,0,0,1,- ,- ,,,SANTA BARBARA,SANTA BARBARA,-119.7509241,34.4405
8486828,2017,1/17/18,4203,11/8/17,2253,23133,,3,5,5,4203,0,0,0,,0,6,LAS POSITAS RD,MODOC RD,0,,Y,A,-,N,,,,,,,,,,Y,3,0,2,1,A,-,- ,,,N,E,I,A,A,H,-,C,A,0,,,,,Y,Y,-,,0,2,0,0,0,0,0,0,0,- ,- ,34.25337,-119.44525,SANTA BARBARA,SANTA BARBARA,-119.7347999,34.42611002
8489124,2017,12/4/17,4203,10/31/17,850,6700,36,2,5,5,4203,0,0,0,,0,5,BATH ST,PUEBLO ST,0,,Y,B,-,N,,,,,,,,,,N,4,0,1,2,A,-,10,21950,A,N,G,B,B,A,H,-,A,A,0,Y,,,,Y,,A,7,0,0,1,0,1,0,0,0,0,- ,- ,34.43054,-119.72207,SANTA BARBARA,SANTA BARBARA,-119.7219599,34.4305301
8490122,2017,11/17/17,4203,10/23/17,730,6700,65,1,5,5,4203,0,0,0,,0,1,COTA ST,ALISOS ST,0,,Y,A,-,N,,,,,,,,,,N,3,0,1,2,D,-,0,,,N,H,G,A,A,H,-,A,A,0,,Y,,,Y,,-,- ,0,1,0,0,0,0,1,0,0,- ,- ,34.42837,-119.68548,SANTA BARBARA,SANTA BARBARA,-119.6854799,34.42834001
8490219,2017,12/11/17,4203,11/5/17,29,24321,,7,5,5,4203,0,0,0,,0,3,E COTA ST,ORTEGA ST,476,S,N,A,-,N,,,,,,,,,,Y,3,0,1,1,A,-,1,23152,A,M,E,I,A,A,H,-,C,D,0,,,,,Y,Y,-,,0,1,0,0,0,0,0,0,0,- ,- ,34.419,-119.6955,SANTA BARBARA,SANTA BARBARA,,
8490223,2017,12/11/17,4203,11/1/17,946,23768,,3,5,5,4203,0,0,0,,0,1,CAMINO VIEJO,SANTECITO DR,20,N,N,B,-,N,,,,,,,,,,Y,2,0,1,2,A,-,3,22350,,N,C,C,A,A,H,-,A,D,0,,,Y,,Y,,C,3,1,0,0,0,0,0,0,0,1,- ,- ,34.43396,-119.6539,SANTA BARBARA,SANTA BARBARA,-119.6537755,34.43393843
8490745,2017,11/29/17,4203,10/16/17,1122,6700,42,1,5,5,4203,0,0,0,,0,3,ANAPAMU ST,ANACAPA ST,0,,Y,A,-,N,,,,,,,,,,N,4,0,1,2,A,-,9,21804,A,N,H,G,A,A,H,-,A,A,0,,Y,,,Y,,L,4,0,0,1,0,0,0,1,0,0,- ,- ,34.42434,-119.70339,SANTA BARBARA,SANTA BARBARA,-119.7032799,34.42447007
8491091,2017,12/13/17,4203,11/2/17,1608,3849,22,4,5,5,4203,0,0,0,,0,6,MICHEL TORENA ST,BUTTON AV,0,,Y,A,-,N,,,,,,,,,,N,3,0,1,2,D,-,0,,,F,D,G,A,A,H,-,A,A,0,,Y,,,Y,,-,- ,0,1,0,0,0,0,1,0,0,- ,- ,34.4193,-119.7156,SANTA BARBARA,SANTA BARBARA,,
8491095,2017,12/13/17,4203,11/3/17,1634,3626,,5,5,5,4203,0,0,0,,0,1,CANON PERDIDO ST,OLIVE ST,0,,Y,A,-,N,,,,,,,,,,N,3,0,1,2,A,-,10,21950,A,N,G,B,B,A,H,-,A,A,0,Y,,,,Y,,A,1,0,1,0,0,1,0,0,0,0,- ,- ,34.4257,-119.695,SANTA BARBARA,SANTA BARBARA,-119.6948799,34.42589007
8491099,2017,12/13/17,4203,11/3/17,1359,23768,,5,5,5,4203,0,0,0,,0,1,QUINIENTOS ST,N SOLEDAD ST,0,,Y,A,-,N,,,,,,,,,,Y,4,0,1,2,A,-,9,21802,A,N,D,C,A,A,H,-,A,A,0,,,,,Y,,A,1,0,0,1,0,0,0,0,0,0,- ,- ,34.4247,-119.6754,SANTA BARBARA,SANTA BARBARA,-119.67556,34.42480007
8491103,2017,12/13/17,4203,11/7/17,1328,6031,,2,5,5,4203,0,0,0,,0,4,DE LA VINA ST,ORTEGA ST,0,,Y,A,-,N,,,,,,,,,,Y,4,0,1,2,A,-,12,22450,A,N,D,C,A,A,H,-,A,A,0,,,,,Y,,-,,0,0,1,0,0,0,0,0,0,- ,- ,34.2459,-119.4201,SANTA BARBARA,SANTA BARBARA,-119.70032,34.41654001