CASE_ID,ACCIDENT_YEAR,PROC_DATE,JURIS,COLLISION_DATE,COLLISION_TIME,OFFICER_ID,REPORTING_DISTRICT,DAY_OF_WEEK,CHP_SHIFT,POPULATION,CNTY_CITY_LOC,SPECIAL_COND,BEAT_TYPE,CHP_BEAT_TYPE,CITY_DIVISION_LAPD,CHP_BEAT_CLASS,BEAT_NUMBER,PRIMARY_RD,SECONDARY_RD,DISTANCE,DIRECTION,INTERSECTION,WEATHER_1,WEATHER_2,STATE_HWY_IND,CALTRANS_COUNTY,CALTRANS_DISTRICT,STATE_ROUTE,ROUTE_SUFFIX,POSTMILE_PREFIX,POSTMILE,LOCATION_TYPE,RAMP_INTERSECTION,SIDE_OF_HWY,TOW_AWAY,COLLISION_SEVERITY,NUMBER_KILLED,NUMBER_INJURED,PARTY_COUNT,PRIMARY_COLL_FACTOR,PCF_CODE_OF_VIOL,PCF_VIOL_CATEGORY,PCF_VIOLATION,PCF_VIOL_SUBSECTION,HIT_AND_RUN,TYPE_OF_COLLISION,MVIW,PED_ACTION,ROAD_SURFACE,ROAD_COND_1,ROAD_COND_2,LIGHTING,CONTROL_DEVICE,CHP_ROAD_TYPE,PEDESTRIAN_ACCIDENT,BICYCLE_ACCIDENT,MOTORCYCLE_ACCIDENT,TRUCK_ACCIDENT,NOT_PRIVATE_PROPERTY,ALCOHOL_INVOLVED,STWD_VEHTYPE_AT_FAULT,CHP_VEHTYPE_AT_FAULT,COUNT_SEVERE_INJ,COUNT_VISIBLE_INJ,COUNT_COMPLAINT_PAIN,COUNT_PED_KILLED,COUNT_PED_INJURED,COUNT_BICYCLIST_KILLED,COUNT_BICYCLIST_INJURED,COUNT_MC_KILLED,COUNT_MC_INJURED,PRIMARY_RAMP,SECONDARY_RAMP,LATITUDE,LONGITUDE,COUNTY,CITY,POINT_X,POINT_Y
8618009,2018,5/30/18,4203,5/13/18,2051,23765,22,7,5,5,4203,0,0,0,,0,6,W MICHELTORENA ST,SAN ANDRES ST,0,,Y,A,-,N,,,,,,,,,,Y,2,0,1,2,A,-,9,21801,A,N,D,G,A,A,H,-,C,A,0,,Y,,,Y,,D,22,1,0,0,0,0,0,1,0,0,- ,- ,34.41740036,-119.7145004,SANTA BARBARA,SANTA BARBARA,-119.7161789,34.41878128
8618439,2018,5/29/18,4203,5/13/18,1845,24079,,7,5,5,4203,0,0,0,,0,5,TALLANT RD,CLINTON TER,95,E,N,A,-,N,,,,,,,,,,Y,2,0,2,1,A,-,3,22350,,N,E,I,A,A,H,-,A,D,0,,,,,Y,,A,1,2,0,0,0,0,0,0,0,0,- ,- ,34.25535965,-119.435379,SANTA BARBARA,SANTA BARBARA,-119.7319565,34.43117142
8618508,2018,5/29/18,4203,5/10/18,1037,7568,,4,5,5,4203,0,0,0,,0,4,DE LA VINA ST,ANAPAMU ST,0,,Y,A,-,N,,,,,,,,,,N,4,0,1,2,A,-,8,22100,B,N,D,C,A,A,H,-,A,A,0,,,,,Y,,-,,0,0,1,0,0,0,0,0,0,- ,- ,34.4211998,-119.7067032,SANTA BARBARA,SANTA BARBARA,-119.7067413,34.42124176
8618702,2018,7/30/18,4203,5/7/18,741,6700,56,1,5,5,4203,0,0,0,,0,5,CALLE REAL,PESETAS LN,0,,Y,A,-,N,,,,,,,,,,N,4,0,1,2,A,-,5,21650,1,N,H,G,A,A,H,-,A,A,0,,Y,,,Y,,L,4,0,0,1,0,0,0,1,0,0,- ,- ,34.44157028,-119.7582169,SANTA BARBARA,SANTA BARBARA,-119.7584076,34.44150925
8622906,2018,5/31/18,4203,4/29/18,1611,6693,31,7,5,5,4203,0,0,0,,0,4,CASTILLO ST,WEST DE LA GUERRA ST,0,,Y,A,-,N,,,101,,,,,,,N,3,0,1,2,A,-,9,21801,A,N,H,A,A,A,H,-,A,A,0,,Y,,,Y,,A,1,0,1,0,0,0,0,1,0,0,- ,- ,34.41559982,-119.7057037,SANTA BARBARA,SANTA BARBARA,-119.7058792,34.4153862
8624224,2018,5/29/18,4203,4/25/18,838,4937,,3,5,5,4203,0,0,0,,0,1,MASON ST,SOLEDAD ST,6,W,N,B,-,N,,,,,,,,,,N,3,0,1,2,A,-,11,21950,B,N,A,B,B,A,H,-,A,D,0,Y,,,,Y,,N,60,0,1,0,0,1,0,0,0,0,- ,- ,34.42570114,-119.6768036,SANTA BARBARA,SANTA BARBARA,-119.6768341,34.42569733
8625741,2018,6/6/18,4203,5/9/18,430,2720,,3,5,5,4203,0,0,0,,0,1,COYOTE RD,BANANA RD,65,N,N,A,-,N,,,,,,,,,,Y,3,0,1,1,A,-,8,22107,,N,E,I,A,A,H,-,D,D,0,,,,,Y,,D,22,0,1,0,0,0,0,0,0,0,- ,- ,34.44676971,-119.671669,SANTA BARBARA,SANTA BARBARA,,
8625938,2018,6/1/18,4203,5/18/18,1814,24317,,5,5,5,4203,0,0,0,,0,3,ANACAPA ST,E ANAPAMU ST,0,,Y,A,-,N,,,,,,,,,,Y,3,0,1,2,A,-,1,23152,F,N,D,C,A,A,H,-,A,A,0,,,,,Y,,A,1,0,1,0,0,0,0,0,0,0,- ,- ,34.42430115,-119.7033997,SANTA BARBARA,SANTA BARBARA,-119.7032776,34.42446899
8627462,2018,8/22/18,4203,5/28/18,1114,6700,43,1,5,5,4203,0,0,0,,0,3,GARDEN ST,RT 101,0,,Y,B,-,Y,SB,5,101,-,-,13.387,R,4,N,N,3,0,1,2,A,-,5,21650,1,N,H,G,A,A,H,-,A,A,0,,Y,,,Y,,L,4,0,1,0,0,0,0,1,0,0,- ,- ,34.41862869,-119.6900711,SANTA BARBARA,SANTA BARBARA,-119.688118,34.4192543
8627525,2018,6/6/18,4203,5/22/18,736,6700,52,2,5,5,4203,0,0,0,,0,5,STATE ST,ONTARE RD,60,E,N,A,-,N,,,,,,,,,,N,3,0,1,1,A,-,3,22350,,N,F,A,A,A,H,-,A,D,0,,,Y,,Y,,C,3,0,1,0,0,0,0,0,0,1,- ,- ,34.44044876,-119.7398834,SANTA BARBARA,SANTA BARBARA,-119.7398911,34.44041443
8627529,2018,6/6/18,4203,5/22/18,1143,6700,35,2,5,5,4203,0,0,0,,0,4,DE LA VINA ST,MISSION ST,0,,Y,B,-,N,,,,,,,,,,Y,4,0,2,2,A,-,3,22350,,N,C,C,A,A,H,-,A,D,0,,,,,Y,,A,1,0,0,2,0,0,0,0,0,0,- ,- ,34.42879868,-119.7169266,SANTA BARBARA,SANTA BARBARA,-119.7169571,34.42873001
8627533,2018,6/6/18,4203,5/24/18,1409,7187,,4,5,5,4203,0,0,0,,0,3,HALEY ST,LAGUNA ST,0,,Y,A,-,N,,,,,,,,,,N,3,0,1,2,A,-,8,22107,,N,B,G,A,A,H,-,A,A,0,,Y,,,Y,,L,4,0,1,0,0,0,0,1,0,0,- ,- ,34.42105103,-119.6909714,SANTA BARBARA,SANTA BARBARA,-119.6910019,34.42105865
8627537,2018,6/6/18,4203,5/24/18,1808,24317,,4,5,5,4203,0,0,0,,0,1,S SALINAS ST,CARPINTERIA ST,0,,Y,A,-,N,,,,,,,,,,Y,4,0,1,2,A,-,9,21802,A,N,D,C,A,A,H,-,A,A,0,,,Y,,Y,,A,1,0,0,1,0,0,0,0,0,1,- ,- ,34.42580032,-119.6718979,SANTA BARBARA,SANTA BARBARA,-119.6720581,34.42589951
8627541,2018,6/6/18,4203,5/25/18,1534,24319,,5,5,5,4203,0,0,0,,0,4,COTA ST,FIG AV,15,E,N,A,-,N,,,,,,,,,,N,3,0,1,3,D,-,0,,,F,H,C,A,A,H,-,A,D,0,,,Y,,Y,,-,- ,0,1,0,0,0,0,0,0,0,- ,- ,34.41725922,-119.6971588,SANTA BARBARA,SANTA BARBARA,-119.6973038,34.41727829
8627545,2018,6/6/18,4203,5/28/18,1315,6700,40,1,5,5,4203,0,0,0,,0,3,HALEY ST,STATE ST,238,E,N,A,-,N,,,,,,,,,,N,3,0,1,2,A,-,21,22106,,N,G,B,D,A,H,-,A,D,0,Y,,,,Y,,A,1,0,1,0,0,1,0,0,0,0,- ,- ,34.41730881,-119.694931,SANTA BARBARA,SANTA BARBARA,-119.6955414,34.41679001
8627549,2018,6/13/18,4203,5/28/18,1932,23136,,1,5,5,4203,0,0,0,,0,1,S MILPAS ST,QUINIENTOS ST,0,,Y,A,-,N,,,,,,,,,,N,2,0,1,2,A,-,9,21801,A,N,D,G,A,A,H,-,A,A,0,,Y,,,Y,,A,1,1,0,0,0,0,0,1,0,0,- ,- ,34.42158127,-119.6790009,SANTA BARBARA,SANTA BARBARA,-119.6789017,34.42161942
8632922,2018,6/13/18,4203,6/3/18,49,23074,,7,5,5,4203,0,0,0,,0,1,FOOTHILL RD,MISSION RIDGE RD,700,E,N,A,-,N,,,192,,,,,,,Y,3,0,1,1,A,-,1,23152,F,N,F,A,A,A,H,-,D,D,0,,,,,Y,,A,1,0,1,0,0,0,0,0,0,0,- ,- ,34.44599915,-119.7060013,SANTA BARBARA,SANTA BARBARA,-119.7059097,34.44636154
8634569,2018,6/13/18,4203,5/28/18,2120,23136,,1,5,5,4203,0,0,0,,0,5,S LA CUMBRE RD,CALLE REAL,0,,Y,A,-,N,,,,,,,,,,Y,4,0,3,2,A,-,9,21801,A,N,H,-,A,A,H,-,C,A,0,,,,,Y,,A,1,0,0,3,0,0,0,0,0,0,- ,- ,34.43719101,-119.7509995,SANTA BARBARA,SANTA BARBARA,-119.75103,34.43722916
8634581,2018,6/12/18,4203,5/24/18,1155,6700,43,4,5,5,4203,0,0,0,,0,3,CHAPALA ST,CARRILLO ST,0,,Y,B,-,N,,,,,,,,,,Y,3,0,2,2,A,-,12,21453,A,N,D,C,A,A,H,-,A,A,0,,,,,Y,,A,1,0,2,0,0,0,0,0,0,0,- ,- ,34.42044067,-119.7029419,SANTA BARBARA,SANTA BARBARA,-119.7029724,34.4204483
8636486,2018,6/20/18,4203,6/5/18,1644,23515,,2,5,5,4203,0,0,0,,0,5,HOPE AV,STATE ST,42,N,N,A,-,N,,,,,,,,,,N,4,0,1,2,A,-,21,22106,,N,C,C,A,A,H,-,A,A,0,,,,,Y,,A,1,0,0,1,0,0,0,0,0,0,- ,- ,34.26263046,-119.4414825,SANTA BARBARA,SANTA BARBARA,-119.7467194,34.44059372
8636490,2018,6/20/18,4203,6/5/18,1844,23136,,2,5,5,4203,0,0,0,,0,4,CARRILLO ST,DE LA VINA ST,0,,Y,A,-,N,,,,,,,,,,N,4,0,2,2,A,-,9,21801,A,N,H,C,A,A,H,-,A,A,0,,,,,Y,,-,,0,0,2,0,0,0,0,0,0,- ,- ,34.25988007,-119.4214935,SANTA BARBARA,SANTA BARBARA,-119.7041397,34.41934967
8636533,2018,6/20/18,4203,6/1/18,1440,24575,,5,5,5,4203,0,0,0,,0,2,DE LA VINA ST,MICHELTORENA ST,0,,Y,A,-,N,,,,,,,,,,Y,4,0,2,2,A,-,12,21453,A,N,D,C,A,A,H,-,A,A,0,,,,,Y,,-,,0,0,2,0,0,0,0,0,0,- ,- ,34.42399979,-119.7106018,SANTA BARBARA,SANTA BARBARA,-119.7105637,34.42404938
8636600,2018,6/22/18,4203,5/29/18,1312,2602,51,2,5,5,4203,0,0,0,,0,5,ALAMAR ST,ALAMAR ST 100 E,325,,N,A,-,N,,,,,,,,,,Y,4,0,3,2,A,-,3,22350,,N,C,C,A,A,H,-,A,D,0,,,,,Y,,A,1,0,0,3,0,0,0,0,0,0,- ,- ,34.26290131,-119.4328995,SANTA BARBARA,SANTA BARBARA,,
8638302,2018,6/20/18,4203,6/10/18,2145,24073,,7,5,5,4203,0,0,0,,0,3,STATE ST,GUTIERREZ ST,84,S,N,A,-,N,,,101,,,,,,,Y,2,0,1,1,A,-,1,23152,A,N,F,I,A,A,H,-,C,A,0,,,,,Y,Y,-,,1,0,0,0,0,0,0,0,0,- ,- ,34.41482925,-119.692688,SANTA BARBARA,SANTA BARBARA,-119.6929703,34.41512299
8638562,2018,6/19/18,4203,6/8/18,207,28767,,5,5,5,4203,0,0,0,,0,6,MESA LN,CLIFF DR,24,S,N,A,-,N,,,,,,,,,,Y,3,0,1,1,A,-,1,23152,A,M,A,I,A,A,H,-,C,A,0,,,,,Y,Y,A,1,0,1,0,0,0,0,0,0,0,- ,- ,34.40330124,-119.7302017,SANTA BARBARA,SANTA BARBARA,-119.730278,34.40356445
8638566,2017,6/19/18,4203,6/3/17,1545,6378,,6,5,5,4203,0,0,0,,0,2,EAST CABRILLO BL 300 BLOCK,EAST CABRILLO BL,7,N,N,A,-,N,,,,,,,,,,N,4,0,1,2,A,-,8,22107,,N,B,E,A,A,H,-,A,D,0,,Y,,,Y,,L,4,0,0,1,0,0,0,1,0,0,- ,- ,34.41498,-119.6832,SANTA BARBARA,SANTA BARBARA,,
8638570,2018,6/20/18,4203,6/3/18,1904,23765,,7,5,5,4203,0,0,0,,0,3,SANTA BARBARA ST,EAST DE LA GUERRA ST,0,,Y,A,-,N,,,,,,,,,,N,3,0,1,1,A,-,3,22350,,N,H,A,A,A,H,-,B,A,0,,,,,Y,,-,,0,1,0,0,0,0,0,0,0,- ,- ,34.42179871,-119.697197,SANTA BARBARA,SANTA BARBARA,-119.697258,34.42187881
8638574,2018,6/20/18,4203,6/6/18,1643,23768,,3,5,5,4203,0,0,0,,0,1,OLD COAST HWY,HARBOR VIEW DR,27,E,N,A,-,N,,,,,,,,,,Y,4,0,2,3,A,-,3,22350,,N,C,C,A,A,H,-,A,D,0,,,,,Y,,A,1,0,0,2,0,0,0,0,0,0,- ,- ,34.42300034,-119.6650391,SANTA BARBARA,SANTA BARBARA,-119.664772,34.42298508
8638578,2018,6/19/18,4203,6/11/18,1524,3599,,1,5,5,4203,0,0,0,,0,6,CLIFF DR,PALISADES DR,102,W,N,B,-,N,,,225,,,,,,,Y,3,0,1,2,A,-,9,21804,A,N,D,C,A,A,H,-,A,D,0,,,,,Y,,-,,0,1,0,0,0,0,0,0,0,- ,- ,34.40287018,-119.7272797,SANTA BARBARA,SANTA BARBARA,-119.7273026,34.40279388
8638689,2018,6/26/18,4203,5/26/18,1517,2521,,6,5,5,4203,0,0,0,,0,5,STATE ST,ALAMAR ST,0,,Y,A,-,N,,,,,,,,,,Y,4,0,2,4,A,-,8,22107,,N,D,C,A,A,H,-,A,A,0,,,,,Y,,-,,0,0,2,0,0,0,0,0,0,- ,- ,34.43859863,-119.7247009,SANTA BARBARA,SANTA BARBARA,-119.7247696,34.43854141
8644174,2018,6/27/18,4203,6/15/18,1154,8825,,5,5,5,4203,0,0,0,,0,1,ROCKWOOD DR,EL CIELITO,360,W,N,A,-,N,,,,,,,,,,Y,4,0,1,2,A,-,8,22103,,N,A,C,A,A,H,-,A,-,0,,,,,Y,,D,22,0,0,1,0,0,0,0,0,0,- ,- ,34.44649887,-119.6901016,SANTA BARBARA,SANTA BARBARA,-119.6902695,34.44685364
8644604,2018,6/27/18,4203,6/11/18,820,6983,,1,5,5,4203,0,0,0,,0,6,SAN ANDRES ST,MICHELTORENA ST,0,,Y,A,-,N,,,,,,,,,,N,3,0,1,2,A,-,10,21950,A,N,G,B,B,A,H,-,A,A,0,Y,,,,Y,,-,,0,1,0,0,1,0,0,0,0,- ,- ,34.2480011,-119.4257965,SANTA BARBARA,SANTA BARBARA,-119.7161789,34.41878128
8644608,2018,6/27/18,4203,6/16/18,1034,7187,,6,5,5,4203,0,0,0,,0,3,E HALEY ST,STATE ST,158,E,N,A,-,N,,,,,,,,,,Y,3,0,1,2,A,-,7,21658,A,N,B,C,A,A,H,-,A,D,0,,,,,Y,,-,,0,1,0,0,0,0,0,0,0,- ,- ,34.41720963,-119.6450806,SANTA BARBARA,SANTA BARBARA,-119.6951904,34.41711044
8644612,2018,8/6/18,4203,6/14/18,22,24321,,4,5,5,4203,0,0,0,,0,2,CASTILLO ST,SHORELINE DR,0,,Y,A,-,N,,,,,,,,,,N,4,0,1,2,A,-,11,21453,D,N,G,B,D,A,H,-,C,A,0,Y,,,,Y,,N,60,0,0,1,0,0,0,0,0,0,- ,- ,,,SANTA BARBARA,SANTA BARBARA,-119.6938934,34.40805817
8644620,2018,6/27/18,4203,6/13/18,924,25482,,3,5,5,4203,0,0,0,,0,6,MISSION ST,SAN PASCUAL ST,102,W,N,A,-,N,,,,,,,,,,N,3,0,1,2,A,-,3,22350,,N,C,C,A,A,H,-,A,A,0,,,,,Y,,A,7,0,1,0,0,0,0,0,0,0,- ,- ,34.25279999,-119.4317017,SANTA BARBARA,SANTA BARBARA,-119.7215652,34.42427063
8644624,2018,6/27/18,4203,6/14/18,1100,8825,,4,5,5,4203,0,0,0,,0,3,STATE ST,VICTORIA ST,20,N,N,A,-,N,,,,,,,,,,N,3,0,1,2,A,-,17,22517,,N,-,G,A,A,H,-,A,A,0,,Y,,,Y,,A,1,0,1,0,0,0,0,1,0,0,- ,- ,34.42433167,-119.7057724,SANTA BARBARA,SANTA BARBARA,-119.7057877,34.42433548
8649215,2018,7/30/18,4203,6/26/18,1403,24709,SBPD,2,5,5,4203,0,0,0,,0,2,STATE ST,MASON ST,0,,Y,A,-,N,,,,,,,,,,Y,3,0,1,2,A,-,5,21650,,N,A,C,A,A,H,-,A,A,0,,,,,Y,,-,,0,1,0,0,0,0,0,0,0,- ,- ,34.41304016,-119.6902466,SANTA BARBARA,SANTA BARBARA,-119.6903992,34.41305161
8649500,2018,8/2/18,4203,7/15/18,810,3596,,7,5,5,4203,0,0,0,,0,5,STATE ST,E QUINTO ST,0,,Y,A,-,N,,,,,,,,,,Y,4,0,1,2,D,-,0,,,N,A,C,A,A,H,-,A,D,0,,,,,Y,,-,- ,0,0,1,0,0,0,0,0,0,- ,- ,34.43550873,-119.7210007,SANTA BARBARA,SANTA BARBARA,-119.7210464,34.43553162
8649631,2018,8/20/18,4203,7/4/18,524,23133,,3,5,5,4203,0,0,0,,0,4,CHAPALA ST,CARRILLO ST,18,N,N,A,-,N,,,,,,,,,,,3,0,1,2,A,-,22,23123,5,N,A,B,B,A,H,-,B,A,0,Y,,,,Y,,-,,0,1,0,0,1,0,0,0,0,- ,- ,34.42047119,-119.7031479,SANTA BARBARA,SANTA BARBARA,-119.7030182,34.42048264
8649635,2018,8/20/18,4203,7/5/18,1657,7897,,4,5,5,4203,0,0,0,,0,5,STATE ST,HITCHCOCK WY,186,E,N,A,-,N,,,,,,,,,,N,4,0,1,3,A,-,8,22107,,N,B,C,A,A,H,-,A,A,0,,,,,Y,,-,,0,0,1,0,0,0,0,0,0,- ,- ,34.44042969,-119.743782,SANTA BARBARA,SANTA BARBARA,-119.7438354,34.44047928
8649769,2018,9/6/18,4203,7/15/18,1329,23136,,7,5,5,4203,0,0,0,,0,,SHORELINE DR,SALIDA DEL SOL,146,W,N,A,-,N,,,,,,,,,,N,2,0,1,2,A,-,8,22107,,N,H,G,A,A,H,-,A,D,0,,Y,,,Y,,-,,1,0,0,0,0,0,1,0,0,- ,- ,34.23551178,-119.4319611,SANTA BARBARA,SANTA BARBARA,-119.7199402,34.39689636
8650022,2018,10/26/18,4203,7/28/18,914,23946,,6,5,5,4203,0,0,0,,0,4,W CARRILLO ST,RT 101,30,W,N,A,-,Y,SB,5,101,-,R,14.63,R,4,N,Y,3,0,2,2,B,-,22,,,N,D,C,A,-,H,-,A,A,0,,,,,Y,,J,48,0,2,0,0,0,0,0,0,0,- ,- ,34.24599838,-119.4225998,SANTA BARBARA,SANTA BARBARA,-119.7058563,34.41536713
8650533,2018,9/7/18,4203,8/3/18,845,23946,,5,5,5,4203,0,0,0,,0,2,LOMA ALTA DR,CLIFF DR,192,S,N,A,-,N,,,,,,,,,,N,3,0,2,2,C,-,18,,,N,C,C,A,A,H,-,A,D,0,,,,,Y,Y,-,- ,0,2,0,0,0,0,0,0,0,- ,- ,34.40620041,-119.7005005,SANTA BARBARA,SANTA BARBARA,-119.7009735,34.40628433
8650555,2018,9/7/18,4203,8/7/18,1136,6983,,2,5,5,4203,0,0,0,,0,3,E HALEY ST,LAGUNA ST,183,E,N,A,-,N,,,,,,,,,,Y,3,0,3,2,A,-,8,22107,,N,B,C,A,A,H,-,A,A,0,,,,,Y,,-,,0,1,2,0,0,0,0,0,0,- ,- ,34.25178146,-119.4125671,SANTA BARBARA,SANTA BARBARA,-119.6905975,34.4214325
8650638,2018,9/27/18,4203,7/29/18,1151,23136,,7,5,5,4203,0,0,0,,0,4,W CANON PERDIDO ST,STATE ST,108,W,N,A,-,N,,,,,,,,,,,2,0,1,2,A,-,17,22517,,N,-,G,A,A,H,-,A,A,0,,Y,,,Y,,-,,1,0,0,0,0,0,1,0,0,- ,- ,34.4200592,-119.7011185,SANTA BARBARA,SANTA BARBARA,-119.7008362,34.42029572
8651989,2018,10/4/18,4203,9/3/18,141,23766,,1,5,5,4203,0,0,0,,0,4,CASTILLO ST,VALERIO ST,0,,Y,A,-,N,,,,,,,,,,Y,4,0,2,2,A,-,1,23152,,F,D,C,A,A,H,-,E,A,0,,,,,Y,Y,A,1,0,0,2,0,0,0,0,0,0,- ,- ,34.4239006,-119.7153015,SANTA BARBARA,SANTA BARBARA,-119.7153473,34.42387009
8653149,2018,7/5/18,4203,6/18/18,1605,6983,,1,5,5,4203,0,0,0,,0,5,DE LA VINA ST,ARDEN RD,27,E,N,A,-,N,,,,,,,,,,N,3,0,1,2,A,-,9,21802,A,N,G,B,E,A,H,-,A,A,0,Y,,,,Y,,-,,0,1,0,0,1,0,0,0,0,- ,- ,34.43719864,-119.726799,SANTA BARBARA,SANTA BARBARA,-119.7267685,34.43720245
8653153,2018,7/9/18,4203,6/22/18,1358,24575,,5,5,5,4203,0,0,0,,0,4,CHAPALA ST,ANAPAMU ST,22,S,N,A,-,N,,,,,,,,,,N,2,0,1,2,A,-,3,22350,,N,H,B,F,A,H,-,A,D,0,Y,Y,,,Y,,L,4,1,0,0,0,1,0,0,0,0,- ,- ,34.42229843,-119.7054977,SANTA BARBARA,SANTA BARBARA,-119.7055206,34.42226028
8653157,2018,7/5/18,4203,6/23/18,1122,3849,,6,5,5,4203,0,0,0,,0,6,VISTA DEL MAR DR,ALAN RD,774,W,N,B,-,N,,,,,,,,,,N,3,0,2,2,A,-,8,22107,A,N,D,C,A,A,H,-,A,A,0,,,Y,,Y,,-,,0,2,0,0,0,0,0,0,2,- ,- ,34.40859985,-119.7433014,SANTA BARBARA,SANTA BARBARA,-119.7430115,34.40855789
8653375,2018,7/12/18,4203,6/26/18,1239,8825,12,2,5,5,4203,0,0,0,,0,2,EAST CABRILLO BL,ANACAPA ST,0,,Y,A,-,N,,,,,,,,,,Y,3,0,1,3,A,-,3,22350,,N,C,C,A,A,H,-,A,A,0,,,,,Y,,-,,0,1,0,0,0,0,0,0,0,- ,- ,34.41329956,-119.6881027,SANTA BARBARA,SANTA BARBARA,-119.6880112,34.41326141
8658564,2018,7/12/18,4203,6/27/18,1341,8825,,3,5,5,4203,0,0,0,,0,5,LA COLINA RD,LA CUMBRE RD,425,W,N,A,-,N,,,,,,,,,,Y,4,0,1,2,A,-,3,22350,,N,C,C,A,A,H,-,A,D,0,,,,,Y,,-,,0,0,1,0,0,0,0,0,0,- ,- ,34.44419861,-119.7528992,SANTA BARBARA,SANTA BARBARA,-119.7525101,34.44423676
8658568,2018,7/13/18,4203,6/25/18,1334,6700,41,1,5,5,4203,0,0,0,,0,3,DE LA GUERRA PLZ,STATE ST,229,W,N,A,-,N,,,,,,,,,,N,2,0,2,2,A,-,- ,,,N,F,A,A,A,H,-,A,D,0,,,Y,,Y,Y,C,3,2,0,0,0,0,0,0,0,2,- ,- ,34.41970825,-119.6982498,SANTA BARBARA,SANTA BARBARA,-119.6998367,34.41912079
8658572,2018,7/12/18,4203,6/27/18,1958,24585,,3,5,5,4203,0,0,0,,0,1,E CANON PERDIDO ST,N NOPAL ST,0,,Y,A,-,N,,,,,,,,,,N,3,0,1,2,A,-,9,21802,A,N,D,G,A,A,H,-,A,A,0,,Y,,,Y,,L,4,0,1,0,0,0,0,1,0,0,- ,- ,34.42900085,-119.6910019,SANTA BARBARA,SANTA BARBARA,-119.6915665,34.42898941
8658576,2018,7/11/18,4203,6/27/18,1750,3849,32,3,5,5,4203,0,0,0,,0,4,W ANAPAMU ST,DE LA VISTA ST,66,W,N,A,-,N,,,,,,,,,,N,3,0,1,2,A,-,3,22350,A,N,B,C,A,A,H,-,A,A,0,,,,,Y,,-,,0,1,0,0,0,0,0,0,0,- ,- ,34.42100143,-119.7069016,SANTA BARBARA,SANTA BARBARA,,
8658985,2018,7/13/18,4203,6/17/18,2118,23765,,7,5,5,4203,0,0,0,,0,1,N MILPAS ST,COTA ST,136,S,N,A,-,N,,,,,,,,,,N,4,0,1,3,D,-,0,,,F,B,E,A,A,H,-,C,D,0,,,,,Y,,-,- ,0,0,1,0,0,0,0,0,0,- ,- ,34.42699814,-119.6860962,SANTA BARBARA,SANTA BARBARA,-119.6862717,34.42700195
8658989,2018,7/13/18,4203,6/24/18,2046,24073,,7,5,5,4203,0,0,0,,0,6,CLIFF DR,LAS GAVIOTAS,253,W,N,-,-,N,,,,,,,,,,Y,3,0,2,1,A,-,3,22350,,N,F,J,A,A,H,-,D,D,0,,,,,Y,,A,1,0,2,0,0,0,0,0,0,0,- ,- ,34.2419014,-119.4449005,SANTA BARBARA,SANTA BARBARA,-119.7470093,34.40553284
8660481,2018,8/14/18,4203,6/27/18,1810,24580,SBMC,3,5,5,4203,0,0,0,,0,5,FOOTHILL RD,ONTARE RD,0,,Y,A,-,Y,SB,5,192,-,-,1.64,I,5,W,N,3,0,1,2,A,-,9,21801,A,N,D,G,A,A,H,-,A,A,0,,Y,,,Y,,A,1,0,1,0,0,0,0,1,0,0,- ,- ,34.45050812,-119.7379532,SANTA BARBARA,SANTA BARBARA,-119.737854,34.4504776
8661436,2018,7/18/18,4203,7/4/18,1807,5075,SBSL,3,5,5,4203,0,0,0,,0,5,LA CUMBRE RD,CALLE REAL,110,N,N,A,-,N,,,,,,,,,,Y,3,0,2,2,A,-,1,23153,A,N,D,C,A,A,H,-,A,D,0,,,,,Y,Y,-,,0,1,1,0,0,0,0,0,0,- ,- ,34.43811035,-119.7505722,SANTA BARBARA,SANTA BARBARA,-119.7508316,34.43748474
8664943,2018,8/6/18,4203,7/8/18,1142,24081,,7,5,5,4203,0,0,0,,0,2,E YANONALI ST,N CALLE CESAR CHAVEZ,0,,Y,A,-,N,,,,,,,,,,N,4,0,1,2,A,-,9,21802,A,N,D,G,A,A,H,-,A,D,0,,Y,,Y,Y,,F,55,0,0,1,0,0,0,1,0,0,- ,- ,34.4211998,-119.6793976,SANTA BARBARA,SANTA BARBARA,-119.6835632,34.41939926
8664947,2018,8/2/18,4203,7/11/18,1338,24581,,3,5,5,4203,0,0,0,,0,4,DE LA VINA ST,MICHELTORENA ST,150,N,N,A,-,N,,,,,,,,,,Y,3,0,2,5,A,-,8,22107,,N,B,E,A,A,H,-,A,D,0,,,,Y,Y,,A,7,0,2,0,0,0,0,0,0,0,- ,- ,34.42419815,-119.7108002,SANTA BARBARA,SANTA BARBARA,-119.7109375,34.42432022