CASE_ID,ACCIDENT_YEAR,PROC_DATE,JURIS,COLLISION_DATE,COLLISION_TIME,OFFICER_ID,REPORTING_DISTRICT,DAY_OF_WEEK,CHP_SHIFT,POPULATION,CNTY_CITY_LOC,SPECIAL_COND,BEAT_TYPE,CHP_BEAT_TYPE,CITY_DIVISION_LAPD,CHP_BEAT_CLASS,BEAT_NUMBER,PRIMARY_RD,SECONDARY_RD,DISTANCE,DIRECTION,INTERSECTION,WEATHER_1,WEATHER_2,STATE_HWY_IND,CALTRANS_COUNTY,CALTRANS_DISTRICT,STATE_ROUTE,ROUTE_SUFFIX,POSTMILE_PREFIX,POSTMILE,LOCATION_TYPE,RAMP_INTERSECTION,SIDE_OF_HWY,TOW_AWAY,COLLISION_SEVERITY,NUMBER_KILLED,NUMBER_INJURED,PARTY_COUNT,PRIMARY_COLL_FACTOR,PCF_CODE_OF_VIOL,PCF_VIOL_CATEGORY,PCF_VIOLATION,PCF_VIOL_SUBSECTION,HIT_AND_RUN,TYPE_OF_COLLISION,MVIW,PED_ACTION,ROAD_SURFACE,ROAD_COND_1,ROAD_COND_2,LIGHTING,CONTROL_DEVICE,CHP_ROAD_TYPE,PEDESTRIAN_ACCIDENT,BICYCLE_ACCIDENT,MOTORCYCLE_ACCIDENT,TRUCK_ACCIDENT,NOT_PRIVATE_PROPERTY,ALCOHOL_INVOLVED,STWD_VEHTYPE_AT_FAULT,CHP_VEHTYPE_AT_FAULT,COUNT_SEVERE_INJ,COUNT_VISIBLE_INJ,COUNT_COMPLAINT_PAIN,COUNT_PED_KILLED,COUNT_PED_INJURED,COUNT_BICYCLIST_KILLED,COUNT_BICYCLIST_INJURED,COUNT_MC_KILLED,COUNT_MC_INJURED,PRIMARY_RAMP,SECONDARY_RAMP,LATITUDE,LONGITUDE,COUNTY,CITY,POINT_X,POINT_Y
90098644,2016,1/20/16,9760,1/14/16,1755,18754,,4,2,5,4203,0,1,2,,2,11,U.S. 101 S/B,MICHELTORENA ST,20,S,N,A,-,Y,,,,,,,,,,Y,4,0,1,2,A,-,3,22350,,N,C,C,A,A,H,-,C,D,0,,,,,Y,,A,1,0,0,1,0,0,0,0,0,0,- ,- ,34.3251,-119.521,SANTA BARBARA,SANTA BARBARA,-119.7139603,34.42077367
90102331,2015,1/26/16,9760,12/27/15,40,20757,,7,3,5,4203,0,1,2,,2,11,US-101 N/B,SALINAS STREET,413,S,N,A,-,Y,,,101,,,,,,N,Y,4,0,1,2,A,-,3,22350,,N,C,C,A,A,H,-,C,D,0,,,,,Y,,A,7,0,0,1,0,0,0,0,0,0,- ,- ,34.42171,-119.66499,SANTA BARBARA,SANTA BARBARA,-119.6649851,34.42169319
90103238,2016,1/27/16,9760,1/16/16,1112,18483,,6,1,5,4203,0,1,2,,2,11,US-101 N/B,CABRILLO BOULEVARD U/C,1000,S,N,A,-,Y,,,101,,,,,,N,Y,4,0,1,2,A,-,7,21658,A,N,B,C,A,A,H,-,A,D,0,,,,,Y,,A,7,0,0,1,0,0,0,0,0,0,- ,- ,34.42147,-119.65067,SANTA BARBARA,SANTA BARBARA,-119.6506781,34.42143997
90106049,2016,2/1/16,9760,1/21/16,1808,18754,,4,2,5,4203,0,1,2,,2,11,U.S. 101 S/B,CABRILLO BLVD,1056,N,N,B,-,Y,,,,,,,,,,N,4,0,1,2,A,-,3,22350,,F,C,C,A,A,H,-,C,D,0,,,,,Y,Y,A,1,0,0,1,0,0,0,0,0,0,- ,- ,34.2522,-119.394,SANTA BARBARA,SANTA BARBARA,-119.6584342,34.42300376
90107241,2016,2/2/16,9760,1/23/16,1320,20366,,6,1,5,4203,0,3,5,,2,2,PATTERSON AVE,CALLE REAL,120,S,N,A,-,N,,,,,,,,,,N,4,0,1,2,A,-,3,22350,,F,C,C,A,A,H,-,A,A,0,,,,,Y,,-,99,0,0,1,0,0,0,0,0,0,- ,- ,34.44331,-119.8084,SANTA BARBARA,SANTA BARBARA,-119.8082339,34.44330478
90110400,2016,2/5/16,9760,2/3/16,1818,18754,,3,2,5,4203,0,1,2,,2,11,U.S. 101 S/B (EL CAMINO REAL),CABRILLO BLVD,100,S,N,A,-,Y,,,,,,,,,,Y,4,0,2,2,A,-,3,22350,,N,C,C,A,A,H,-,C,D,0,,,,,Y,,A,1,0,0,2,0,0,0,0,0,0,- ,- ,34.252,-119.3815,SANTA BARBARA,SANTA BARBARA,-119.654719,34.42231535
90111613,2016,2/9/16,9760,2/1/16,1652,20366,,1,2,5,4203,0,1,2,,2,20,US-101 S/B,PATTERSON AVE,60,N,N,A,-,Y,,,,,,,,,,Y,4,0,1,2,A,-,8,22107,,N,D,C,A,A,H,-,A,D,0,,,,,Y,,A,1,0,0,1,0,0,0,0,0,0,- ,- ,34.4418,-119.80897,SANTA BARBARA,SANTA BARBARA,-119.80846,34.44181
90111934,2016,2/9/16,9760,2/5/16,1525,20473,,5,2,5,4203,0,1,2,,2,11,US 101 S/B,LAS POSITAS RD,730,S,N,A,-,Y,,,,,,,,,,N,4,0,3,3,A,-,3,22350,,N,C,C,A,A,H,-,A,D,0,,,,,Y,,D,22,0,0,3,0,0,0,0,0,0,- ,- ,34.42695,-119.72884,SANTA BARBARA,SANTA BARBARA,-119.7313919,34.42750602
90112725,2016,2/10/16,9760,2/5/16,1605,20366,,5,2,5,4203,0,3,5,,2,2,CATHEDRAL OAKS RD,VIA CHAPARRAL,0,,Y,A,-,N,,,,,,,,,,Y,3,0,2,2,A,-,12,22450,A,N,D,C,A,A,H,-,A,A,0,,,,,Y,,A,7,0,1,1,0,0,0,0,0,0,- ,- ,34.4501,-119.76527,SANTA BARBARA,SANTA BARBARA,-119.76547,34.45009001
9011522,2019,12/30/19,4203,10/31/19,955,2661,51,4,5,5,4203,0,0,0,,0,5,STATE ST,SAN ROQUE RD,405,E,N,A,-,N,,,,,,,,,,Y,4,0,1,2,A,-,9,21804,A,N,D,C,A,A,H,-,A,D,0,,,,,Y,,A,1,0,0,1,0,0,0,0,0,0,- ,- ,34.44044876,-119.7318192,SANTA BARBARA,SANTA BARBARA,-119.7328949,34.44036484
9011526,2019,12/30/19,4203,10/24/19,809,24079,,4,5,5,4203,0,0,0,,0,4,DE LA VINA ST,CALLE LAURELES,0,,Y,A,-,N,,,,,,,,,,N,3,0,1,2,A,-,9,21801,A,N,H,G,A,A,H,-,A,A,0,,Y,,,Y,,A,1,0,1,0,0,0,0,1,0,0,- ,- ,34.43439102,-119.7284088,SANTA BARBARA,SANTA BARBARA,-119.7283707,34.43883133
9011527,2019,12/30/19,4203,10/19/19,1110,24081,,6,5,5,4203,0,0,0,,0,1,VALERIO ST,CALLE CERRO,0,,Y,A,-,N,,,,,,,,,,Y,3,0,1,2,A,-,9,21801,A,N,D,C,A,A,H,-,A,A,0,,,,,Y,,A,1,0,1,0,0,0,0,0,0,0,- ,- ,34.41220856,-119.7228012,SANTA BARBARA,SANTA BARBARA,-119.7273407,34.41379166
9011539,2019,12/30/19,4203,10/30/19,1954,23781,55,3,5,5,4203,0,0,0,,0,5,LA CUMBRE RD,LA CUMBRE PLAZA LN,8,N,N,A,-,N,,,,,,,,,,N,3,0,1,2,A,-,9,21801,A,N,D,G,A,A,H,-,C,A,0,,Y,,,Y,,A,1,0,1,0,0,0,0,1,0,0,- ,- ,34.43889999,-119.7508011,SANTA BARBARA,SANTA BARBARA,,
9011544,2019,3/9/20,4203,10/16/19,1904,23781,,3,5,5,4203,0,0,0,,0,5,SANFORD CT,LAS POSITAS RD,100,E,N,A,-,N,,,,,,,,,,N,4,0,1,2,A,-,8,22107,,N,C,E,A,A,H,-,B,D,0,,,,Y,Y,,A,1,0,0,1,0,0,0,0,0,0,- ,- ,34.43239975,-119.7329025,SANTA BARBARA,SANTA BARBARA,,
9011557,2019,2/28/20,4203,10/12/19,1239,24076,,6,5,5,4203,0,0,0,,0,4,CARRILLO ST,BATH ST,0,,Y,A,-,N,,,,,,,,,,N,4,0,1,2,D,-,0,,,N,D,C,A,A,H,-,A,C,0,,,,,Y,,-,- ,0,0,1,0,0,0,0,0,0,- ,- ,34.41635132,-119.7002335,SANTA BARBARA,SANTA BARBARA,-119.7052536,34.4183197
9011766,2019,12/24/19,4203,9/26/19,857,8825,10,4,5,5,4203,0,0,0,,0,2,ANAPAMU ST,SALSIPUEDES ST,222,W,N,A,-,N,,,,,,,,,,N,3,0,1,2,B,-,22,,,N,H,G,A,A,H,-,A,D,0,,Y,,,Y,,L,4,0,1,0,0,0,0,1,0,0,- ,- ,34.42774963,-119.6928024,SANTA BARBARA,SANTA BARBARA,-119.6981277,34.4293251
90119709,2016,2/22/16,9760,2/11/16,747,16739,,4,1,5,4203,0,1,2,,2,20,US-101 S/B (EL CAMINO REAL),SR-154 (SAN MARCOS PASS RD.),184,N,N,A,-,Y,,,101,,,,,,S,Y,4,0,1,3,A,-,3,22350,,N,C,C,A,A,H,-,A,D,0,,,,,Y,,A,1,0,0,1,0,0,0,0,0,0,- ,- ,34.44105,-119.76067,SANTA BARBARA,SANTA BARBARA,-119.7606747,34.44112739
90123048,2016,2/24/16,9760,2/17/16,1800,18754,,3,2,5,4203,0,1,2,,2,20,U.S. 101 S/B (EL CAMINO REAL),LA CUMBRE RD,300,S,N,B,-,Y,,,,,,,,,,N,4,0,1,3,A,-,3,22350,,F,C,C,A,B,H,-,C,D,0,,,,,Y,Y,-,99,0,0,1,0,0,0,0,0,0,- ,- ,34.3534,-119.5723,SANTA BARBARA,SANTA BARBARA,-119.7509602,34.43611892
90124178,2016,2/25/16,9760,2/20/16,1603,20366,,6,2,5,4203,0,1,2,,2,11,US-101 S/B TO CARRILLO STREET,CARRILLO ST,700,N,N,A,-,Y,,,101,,,,R,,S,Y,2,0,1,1,A,-,8,22107,,N,E,I,A,A,H,-,A,D,0,,,,,Y,,A,1,1,0,0,0,0,0,0,0,0,- ,- ,34.41698,-119.70892,SANTA BARBARA,SANTA BARBARA,-119.70892,34.41698
90125160,2016,2/29/16,9760,2/20/16,2310,21061,,6,3,5,4203,0,1,2,,2,20,US-101 N/B TO STATE STREET.,STATE ST,80,S,N,A,-,Y,,,101,,,,R,,N,Y,4,0,1,1,A,-,1,23152,A,N,F,A,A,A,H,-,D,D,0,,,Y,,Y,Y,C,2,0,0,1,0,0,0,0,0,1,- ,- ,34.43945,-119.75394,SANTA BARBARA,SANTA BARBARA,-119.75394,34.43945
90129197,2016,3/3/16,9760,2/28/16,1448,20366,,7,2,5,4203,0,1,2,,2,20,US-101 S/B,LA CUMBRE RD,600,S,N,A,-,Y,,,101,,,,,,S,Y,3,0,1,1,A,-,8,22107,,N,F,A,A,A,H,-,A,D,0,,,,,Y,,A,7,0,1,0,0,0,0,0,0,0,- ,- ,34.43483,-119.74958,SANTA BARBARA,SANTA BARBARA,-119.7495823,34.43482752
90131031,2016,3/7/16,9760,2/27/16,2004,18754,,6,2,5,4203,0,1,2,,2,11,U.S. 101 S/B (EL CAMINO REAL),CABRILLO BLVD.,1000,S,N,A,-,Y,,,,,,,,,,Y,3,0,1,2,C,-,18,,,N,H,C,A,A,H,-,C,D,0,,,,,Y,,-,- ,0,1,0,0,0,0,0,0,0,- ,- ,34.2519,-119.391,SANTA BARBARA,SANTA BARBARA,-119.6518789,34.42156424
90134620,2016,3/11/16,9760,3/4/16,505,20483,,5,3,5,4203,0,1,2,,2,11,US-101 N/B TO CABRILLO BLVD.,CABRILLO BLVD,900,S,N,A,-,Y,,,,,,,,,,Y,4,0,1,3,A,-,3,22350,,N,C,C,A,A,H,-,C,D,0,,,,,Y,,D,22,0,0,1,0,0,0,0,0,0,- ,- ,34.2519,-119.3915,SANTA BARBARA,SANTA BARBARA,-119.6516064,34.42175635
9013891,2019,2/18/20,4203,12/20/19,2107,24580,,5,5,5,4203,0,0,0,,0,6,CLIFF DR,LAS POSITAS RD,25,E,N,A,-,N,,,225,,,,,,,Y,4,0,1,1,A,-,1,23152,A,N,E,I,A,A,H,-,C,D,0,,,,,Y,Y,A,7,0,0,1,0,0,0,0,0,0,- ,- ,34.405159,-119.7390137,SANTA BARBARA,SANTA BARBARA,-119.7390137,34.40510941
9013895,2019,2/19/20,4203,12/20/19,2216,23781,,5,5,5,4203,0,0,0,,0,5,CALLE REAL,LAS POSITAS,80,W,N,A,-,N,,,,,,,,,,Y,4,0,1,3,A,-,1,23152,A,N,C,C,A,A,H,-,C,A,0,,,,,Y,Y,A,1,0,0,1,0,0,0,0,0,0,- ,- ,34.42910004,-119.7338028,SANTA BARBARA,SANTA BARBARA,-119.7340012,34.42856216
90140610,2016,3/21/16,9760,3/6/16,100,20483,,7,3,5,4203,0,1,2,,2,11,US-101 N/B,STATE ST.,20,S,N,C,-,Y,,,,,,,,,,Y,2,0,1,1,A,-,1,23152,A,N,E,I,A,B,H,-,C,D,0,,,,,Y,Y,A,1,1,0,0,0,0,0,0,0,0,- ,- ,34.44,-119.4555,SANTA BARBARA,SANTA BARBARA,-119.7555009,34.44026315
90140672,2016,7/20/16,9760,3/10/16,1226,16739,,4,1,5,4203,0,1,2,,2,11,US-101 S/B (EL CAMINO REAL),MILPAS ST.,1056,N,N,A,-,Y,,,101,,,,,,S,Y,1,1,3,2,A,-,3,22350,,N,C,C,A,A,B,C,A,D,0,,,,,Y,,A,1,0,1,2,0,0,0,0,0,0,- ,- ,34.42002,-119.68034,SANTA BARBARA,SANTA BARBARA,-119.6803415,34.42003896
90143122,2016,3/24/16,9760,3/16/16,1822,20211,,3,2,5,4203,0,1,2,,2,11,US-101 SOUTHBOUND,MISSION STREET,150,S,N,A,-,Y,,,101,,,,,,S,N,4,0,1,2,A,-,3,22350,,N,C,C,A,A,H,-,A,D,0,,,,,Y,,A,1,0,0,1,0,0,0,0,0,0,- ,- ,34.42507,-119.71986,SANTA BARBARA,SANTA BARBARA,-119.7198594,34.42507095
90148176,2016,3/30/16,9760,3/21/16,1950,20511,,1,2,5,4203,0,1,2,,2,20,US-101 NB (EL CAMINO FREEWAY),LAS POSITAS RD,500,N,N,A,-,Y,,,101,,,,,,N,N,3,0,1,1,A,-,3,22350,,N,E,I,A,A,H,-,B,D,0,,,Y,,Y,,C,2,0,1,0,0,0,0,0,0,1,- ,- ,34.42985,-119.74176,SANTA BARBARA,SANTA BARBARA,-119.7417532,34.42986415
90150574,2016,4/5/16,9760,3/22/16,1310,19831,,2,1,5,4203,0,1,2,,2,11,US-101 NORTHBOUND (EL CAMINO REAL),CARRILLO STREET,412,N,N,A,-,Y,,,101,,,,,,N,Y,4,0,2,2,A,-,3,22350,,N,C,C,A,A,H,-,A,D,0,,,,,Y,,A,1,0,0,2,0,0,0,0,0,0,- ,- ,34.41814,-119.71005,SANTA BARBARA,SANTA BARBARA,-119.7100579,34.41812831
90151225,2016,4/5/16,9760,3/23/16,1730,18431,,3,2,5,4203,0,1,2,,2,11,US-101 S/B,LAS POSITAS RD.,200,S,N,A,-,Y,,,101,,,,,,S,N,4,0,1,2,A,-,4,21703,,N,C,C,A,A,H,-,A,D,0,,,,,Y,,A,1,0,0,1,0,0,0,0,0,0,- ,- ,34.42774,-119.7325,SANTA BARBARA,SANTA BARBARA,-119.7324996,34.42774217
9015196,2019,3/2/20,4203,12/19/19,2335,25321,43,4,5,5,4203,0,0,0,,0,3,GARDEN ST,HALEY ST,0,,Y,A,-,N,,,,,,,,,,Y,4,0,2,2,A,-,12,21453,A,N,D,C,A,A,H,-,C,A,0,,,,,Y,,D,22,0,0,2,0,0,0,0,0,0,- ,- ,34.41999817,-119.6921692,SANTA BARBARA,SANTA BARBARA,-119.6921234,34.42000961
9015423,2019,1/16/20,4203,11/29/19,1800,23136,6,5,5,5,4203,0,0,0,,0,6,KOWALSKI AV,VICTORIA ST,144,N,N,A,-,N,,,,,,,,,,,4,0,1,2,A,-,17,22517,,N,B,E,A,A,H,-,C,D,0,,,,,Y,,A,1,0,0,1,0,0,0,0,0,0,- ,- ,34.41464996,-119.7164917,SANTA BARBARA,SANTA BARBARA,-119.7165985,34.41467667
9015435,2019,3/9/20,4203,12/20/19,1239,5206,,5,5,5,4203,0,0,0,,0,1,COTA ST,SALSIPUEDES ST,0,,Y,A,-,N,,,,,,,,,,,3,0,1,2,A,-,8,22107,,N,H,G,A,A,H,-,A,D,0,,Y,,,Y,,L,4,0,1,0,0,0,0,1,0,0,- ,- ,34.4220314,-119.6652527,SANTA BARBARA,SANTA BARBARA,-119.6899872,34.42409897
9015577,2019,3/9/20,4203,12/21/19,1940,23781,24,6,5,5,4203,0,0,0,,0,6,LAS POSITAS,CALLE REAL,15,W,N,A,-,N,,,,,,,,,,N,4,0,2,2,A,-,12,21453,A,N,D,C,A,A,H,-,C,A,0,,,,,Y,,A,1,0,0,2,0,0,0,0,0,0,- ,- ,34.42910004,-119.7338028,SANTA BARBARA,SANTA BARBARA,-119.7337418,34.42858887
9015581,2019,3/9/20,4203,12/27/19,2229,25107,32,5,5,5,4203,0,0,0,,0,4,CHAPALA ST,CARILLO ST,25,S,N,A,-,N,,,,,,,,,,N,4,0,2,2,D,-,0,,,M,C,C,A,A,H,-,C,A,0,,,,,Y,Y,-,- ,0,0,2,0,0,0,0,0,0,- ,- ,34.42026138,-119.7028809,SANTA BARBARA,SANTA BARBARA,-119.7029114,34.42040634
9015585,2019,3/9/20,4203,12/26/19,830,240585,4,4,5,5,4203,0,0,0,,0,4,DE LA VINA ST,W MISSION ST,0,,Y,A,-,N,,,,,,,,,,,3,0,2,2,A,-,12,21453,A,N,D,C,A,B,H,-,A,A,0,,,,,Y,,A,1,0,1,1,0,0,0,0,0,0,- ,- ,34.42869949,-119.7170029,SANTA BARBARA,SANTA BARBARA,-119.7169571,34.42873001
9015589,2019,3/9/20,4203,12/21/19,1057,24585,4,6,5,5,4203,0,0,0,,0,4,DE LA VINA ST,W FIGUEROA ST,195,S,N,A,-,N,,,,,,,,,,,3,0,1,2,A,-,8,22107,,N,D,C,A,A,H,-,A,A,0,,,,,Y,,A,7,0,1,0,0,0,0,0,0,0,- ,- ,34.41989899,-119.7049026,SANTA BARBARA,SANTA BARBARA,-119.7049561,34.41995239
9015593,2019,3/9/20,4203,12/23/19,1859,23133,,1,5,5,4203,0,0,0,,0,3,OLIVE ST,COTA ST,0,,Y,C,-,N,,,,,,,,,,N,4,0,1,2,A,-,9,21802,A,N,D,C,A,B,H,-,C,A,0,,,,,Y,,A,1,0,0,1,0,0,0,0,0,0,- ,- ,34.42004013,-119.0911331,SANTA BARBARA,SANTA BARBARA,-119.6911087,34.42308044
9015597,2019,2/28/20,4203,12/20/19,800,7775,6,5,5,5,4203,0,0,0,,0,6,ROBBINS ST,VALERIO ST,366,E,Y,A,-,N,,,,,,,,,,,4,0,1,2,D,-,0,,,F,G,B,B,A,H,-,A,D,0,Y,,,,Y,,-,- ,0,0,1,0,1,0,0,0,0,- ,- ,34.41728973,-119.7217484,SANTA BARBARA,SANTA BARBARA,-119.7210617,34.41680145
90156427,2016,4/13/16,9760,4/1/16,1638,20211,,5,2,5,4203,0,1,2,,2,11,US-101 SOUTHBOUND,MICHELTORENA ST,250,N,N,A,-,Y,,,101,,,,,,S,Y,3,0,2,3,A,-,3,22350,,N,C,C,A,A,H,-,A,D,0,,,,,Y,,A,1,0,2,0,0,0,0,0,0,0,- ,- ,34.42136,-119.71478,SANTA BARBARA,SANTA BARBARA,-119.714777,34.42136399
90162897,2016,4/21/16,9760,4/12/16,1125,15669,,2,1,5,4203,0,1,2,,2,11,U.S. 101 NORTHBOUOND,GARDEN ST,2640,S,N,A,-,Y,,,,,,,,,,Y,4,0,1,2,A,-,7,21658,A,N,E,I,A,A,H,-,A,D,0,,,,,Y,,A,1,0,0,1,0,0,0,0,0,0,- ,- ,34.42008,-119.68196,SANTA BARBARA,SANTA BARBARA,,
90167725,2016,4/28/16,9760,4/27/16,1620,17314,,3,2,5,4203,0,1,2,,2,20,US-101 S/B,LA CUMBRE ROAD,1056,S,N,A,G,Y,,,101,,,,,,S,N,4,0,3,2,A,-,3,22350,,N,C,C,A,A,H,-,A,D,0,,,,,Y,,A,1,0,0,3,0,0,0,0,0,0,- ,- ,34.43619,-119.75108,SANTA BARBARA,SANTA BARBARA,-119.7510654,34.43620575
90175142,2016,5/9/16,9760,4/26/16,1230,18019,,2,1,5,4203,0,1,2,,2,11,US-101 N/B (EL CAMINO REAL),PUEBLO ST.,857,S,N,A,-,Y,,,101,,,,,,N,N,4,0,1,2,A,-,3,22350,,N,C,C,A,A,H,-,A,D,0,,,,Y,Y,,G,25,0,0,1,0,0,0,0,0,0,- ,- ,34.42687,-119.72309,SANTA BARBARA,SANTA BARBARA,-119.7232153,34.42627065
90175421,2016,5/9/16,9760,4/30/16,20,20473,,6,3,5,4203,0,1,2,,2,11,US-101 S/B,CABRILLO BLVD,1500,N,N,A,-,Y,,,101,,,,,,S,Y,4,0,1,2,A,-,7,21658,A,N,B,C,A,A,H,-,C,D,0,,,,,Y,,A,1,0,0,1,0,0,0,0,0,0,- ,- ,34.4231,-119.6592,SANTA BARBARA,SANTA BARBARA,-119.6591889,34.42294438
90178594,2016,5/13/16,9760,5/2/16,630,17674,,1,1,5,4203,0,1,2,,2,11,US-101 N/B,MISSION ST.,117,N,N,B,-,Y,,,101,,,,,,N,Y,3,0,1,1,A,-,8,22107,,N,E,I,A,A,H,-,A,D,0,,,,,Y,,A,1,0,1,0,0,0,0,0,0,0,- ,- ,34.42584,-119.72092,SANTA BARBARA,SANTA BARBARA,-119.7209619,34.42571301
90182111,2016,5/18/16,9760,5/4/16,840,17674,,3,1,5,4203,0,1,2,,2,11,US-101 S/B,LAS POSITAS RD. ON-RAMP,300,S,N,B,-,Y,,,101,,,,,,S,Y,4,0,1,2,A,-,3,22350,,N,C,C,A,B,H,-,A,D,0,,,,,Y,,A,7,0,0,1,0,0,0,0,0,0,- ,- ,34.4268,-119.72742,SANTA BARBARA,SANTA BARBARA,-119.7274164,34.42682587
90182571,2016,5/18/16,9760,5/16/16,845,15669,,1,1,5,4203,0,1,2,,2,11,U.S. 101 SOUTHBOUND,CARRILLO STREET,2112,N,N,B,-,Y,,,,,,,,,,Y,3,0,1,2,A,-,3,22350,,N,C,C,A,A,H,-,A,D,0,,,,,Y,,A,1,0,1,0,0,0,0,0,0,0,- ,- ,34.42052,-119.71372,SANTA BARBARA,SANTA BARBARA,-119.71013,34.41798
90183177,2016,5/19/16,9760,4/27/16,1550,18264,,3,2,5,4203,0,1,2,,2,11,US-101 SOUTHBOUND,SALINAS ST,30,S,N,A,-,Y,,,101,,,,,,S,Y,2,0,2,6,A,-,3,22350,,N,C,C,A,A,H,-,A,D,0,,,,,Y,,A,7,1,0,1,0,0,0,0,0,0,- ,- ,34.42161,-119.66548,SANTA BARBARA,SANTA BARBARA,-119.6654241,34.42141662
90183253,2016,5/19/16,9760,5/8/16,1750,20721,,7,2,5,4203,0,1,2,,2,20,US-101 S/B,STATE ST,457,N,N,A,-,Y,,,101,,,,,,S,Y,3,0,4,2,A,-,8,22107,,N,B,C,A,A,H,-,A,D,0,,,,,Y,,M,47,0,4,0,0,0,0,0,0,0,- ,- ,34.44094,-119.75757,SANTA BARBARA,SANTA BARBARA,-119.7575709,34.44093697
90184885,2016,7/13/16,9760,5/14/16,1645,20721,,6,2,5,4203,0,1,2,,2,11,US-101 N/B,CASTILLO ST,850,S,N,A,-,Y,,,101,,,,,,N,Y,3,0,4,3,A,-,7,21658,A,N,B,C,A,A,H,-,A,D,0,,,,,Y,,A,7,0,2,2,0,0,0,0,0,0,- ,- ,34.41297,-119.69643,SANTA BARBARA,SANTA BARBARA,-119.6964028,34.41290158
90192759,2016,6/1/16,9760,5/20/16,1500,20721,,5,2,5,4203,0,1,2,,2,11,US-101 S/B,LAS POSITAS RD,1056,S,N,B,-,Y,,,101,,,,,,S,Y,4,0,1,3,A,-,3,22350,,N,C,C,A,A,H,-,A,D,0,,,,,Y,,A,1,0,0,1,0,0,0,0,0,0,- ,- ,34.42685,-119.72784,SANTA BARBARA,SANTA BARBARA,-119.7278353,34.42688385
90197266,2016,6/8/16,9760,5/25/16,855,17674,,3,1,5,4203,0,1,2,,2,11,US-101 S/B,LAS POSITAS RD.,1560,S,N,B,-,Y,,,101,,,,,,S,Y,4,0,1,2,A,-,3,22350,,N,C,C,A,A,H,-,A,D,0,,,,,Y,,A,1,0,0,1,0,0,0,0,0,0,- ,- ,34.42661,-119.72616,SANTA BARBARA,SANTA BARBARA,-119.7261547,34.42665139
90201542,2016,6/14/16,9760,6/2/16,1738,21300,,4,2,5,4203,0,1,2,,2,11,US-101 S/B (EL CAMINO REAL),MISSION ST,2100,N,N,A,-,Y,,,101,,,,,,S,N,4,0,4,3,A,-,3,22350,,N,C,C,A,A,H,-,A,D,0,,,,,Y,,A,1,0,0,4,0,0,0,0,0,0,- ,- ,34.42675,-119.72731,SANTA BARBARA,SANTA BARBARA,-119.7273017,34.42680999
90202021,2016,6/15/16,9760,6/7/16,2115,20473,,2,2,5,4203,0,1,2,,2,11,US-101 S/B TO MISSION ST.,MISSION ST,40,N,N,A,-,Y,,,101,,,,R,,S,Y,4,0,1,4,A,-,3,22350,,N,C,C,A,A,H,-,C,A,0,,,,,Y,,A,7,0,0,1,0,0,0,0,0,0,- ,- ,34.42541,-119.72127,SANTA BARBARA,SANTA BARBARA,-119.72127,34.42541
90202619,2016,6/15/16,9760,6/4/16,1010,20528,,6,1,5,4203,0,1,2,,2,20,US-101 S/B (EL CAMINO REAL),TURNPIKE RD.,2300,N,N,A,-,Y,,,,,,,,,,Y,4,0,1,1,A,-,8,22107,,N,E,I,A,A,H,-,A,D,0,,,,,Y,,D,22,0,0,1,0,0,0,0,0,0,- ,- ,34.44155,-119.79715,SANTA BARBARA,SANTA BARBARA,-119.78926,34.44224
90202964,2016,6/16/16,9760,6/10/16,200,20721,,5,3,5,4203,0,1,2,,2,11,US-101 N/B,MILPAS ST,1584,S,N,A,-,Y,,,101,,,,,,N,Y,3,0,2,1,A,-,8,22107,,N,E,I,A,A,H,-,C,D,0,,,,,Y,,A,1,0,2,0,0,0,0,0,0,0,- ,- ,34.41991,-119.67132,SANTA BARBARA,SANTA BARBARA,-119.6713249,34.41994786
90203383,2016,6/16/16,9760,5/24/16,1650,18264,,2,2,5,4203,0,1,2,,2,11,US-101 SOUTHBOUND,GARDEN ST,500,S,N,A,-,Y,,,101,,,,,,S,Y,4,0,2,3,A,-,3,22350,,N,C,C,A,A,H,-,A,D,0,,,,,Y,,D,22,0,0,2,0,0,0,0,0,0,- ,- ,34.41905,-119.68806,SANTA BARBARA,SANTA BARBARA,-119.6880738,34.41908828
90211101,2016,6/28/16,9760,6/20/16,855,17674,,1,1,5,4203,0,1,2,,2,20,US-101 S/B,LAS POSITAS RD O.C.,250,N,N,A,-,Y,,,101,,,,,,S,Y,3,0,1,3,A,-,3,22350,,N,C,C,A,A,H,-,A,D,0,,,,Y,Y,,G,25,0,1,0,0,0,0,0,0,0,- ,- ,34.42799,-119.73459,SANTA BARBARA,SANTA BARBARA,-119.7345847,34.42803668