CASE_ID,ACCIDENT_YEAR,PROC_DATE,JURIS,COLLISION_DATE,COLLISION_TIME,OFFICER_ID,REPORTING_DISTRICT,DAY_OF_WEEK,CHP_SHIFT,POPULATION,CNTY_CITY_LOC,SPECIAL_COND,BEAT_TYPE,CHP_BEAT_TYPE,CITY_DIVISION_LAPD,CHP_BEAT_CLASS,BEAT_NUMBER,PRIMARY_RD,SECONDARY_RD,DISTANCE,DIRECTION,INTERSECTION,WEATHER_1,WEATHER_2,STATE_HWY_IND,CALTRANS_COUNTY,CALTRANS_DISTRICT,STATE_ROUTE,ROUTE_SUFFIX,POSTMILE_PREFIX,POSTMILE,LOCATION_TYPE,RAMP_INTERSECTION,SIDE_OF_HWY,TOW_AWAY,COLLISION_SEVERITY,NUMBER_KILLED,NUMBER_INJURED,PARTY_COUNT,PRIMARY_COLL_FACTOR,PCF_CODE_OF_VIOL,PCF_VIOL_CATEGORY,PCF_VIOLATION,PCF_VIOL_SUBSECTION,HIT_AND_RUN,TYPE_OF_COLLISION,MVIW,PED_ACTION,ROAD_SURFACE,ROAD_COND_1,ROAD_COND_2,LIGHTING,CONTROL_DEVICE,CHP_ROAD_TYPE,PEDESTRIAN_ACCIDENT,BICYCLE_ACCIDENT,MOTORCYCLE_ACCIDENT,TRUCK_ACCIDENT,NOT_PRIVATE_PROPERTY,ALCOHOL_INVOLVED,STWD_VEHTYPE_AT_FAULT,CHP_VEHTYPE_AT_FAULT,COUNT_SEVERE_INJ,COUNT_VISIBLE_INJ,COUNT_COMPLAINT_PAIN,COUNT_PED_KILLED,COUNT_PED_INJURED,COUNT_BICYCLIST_KILLED,COUNT_BICYCLIST_INJURED,COUNT_MC_KILLED,COUNT_MC_INJURED,PRIMARY_RAMP,SECONDARY_RAMP,LATITUDE,LONGITUDE,COUNTY,CITY,POINT_X,POINT_Y
9048651,2020,3/19/20,4203,1/27/20,1409,8825,31,1,5,5,4203,0,0,0,,0,4,DE LA VINA ST,ORTEGA ST,0,,Y,A,-,N,,,,,,,,,,Y,3,0,1,1,D,-,0,,,N,H,A,A,A,H,-,A,-,0,,,Y,,Y,,-,- ,0,1,0,0,0,0,0,0,1,- ,- ,34.41653824,-119.7003021,SANTA BARBARA,SANTA BARBARA,-119.7003174,34.41653824
9048655,2020,3/19/20,4203,1/27/20,1219,8825,42,1,5,5,4203,0,0,0,,0,3,ANACAPA ST,ARLINGTON AV,0,,Y,A,-,N,,,,,,,,,,N,3,0,1,1,D,-,0,,,N,E,J,A,A,H,-,A,D,0,,Y,,,Y,,-,- ,0,1,0,0,0,0,1,0,0,- ,- ,34.42399979,-119.7004318,SANTA BARBARA,SANTA BARBARA,-119.7051926,34.42586136
9048673,2020,3/19/20,4203,1/30/20,1710,25317,35,4,5,5,4203,0,0,0,,0,4,STATE ST,W PEDREGOSA ST,0,,Y,A,-,N,,,,,,,,,,N,3,0,1,2,A,-,9,21802,A,N,H,G,A,A,H,-,A,D,0,,Y,,,Y,,-,,0,1,0,0,0,0,1,0,0,- ,- ,34.42990112,-119.7134018,SANTA BARBARA,SANTA BARBARA,-119.7134323,34.4299202
90487060,2017,6/26/17,9760,6/20/17,1800,18418,,2,2,5,4203,0,1,2,,2,11,U.S. 101 S/B,MISSION ST,800,N,N,A,-,Y,,,,,,,,,,N,4,0,1,2,A,-,3,22350,,N,C,C,A,A,H,-,A,D,0,,,,,Y,,D,22,0,0,1,0,0,0,0,0,0,- ,- ,34.42664,-119.72645,SANTA BARBARA,SANTA BARBARA,-119.7229148,34.42605228
9049104,2020,2/27/20,4203,2/4/20,1747,6378,,2,5,5,4203,0,0,0,,0,1,MOUNTAIN DR,MISSION RIDGE RD,230,E,N,A,-,N,,,,,,,,,,N,4,0,1,2,A,-,14,21201,D,N,H,G,A,A,H,-,D,D,0,,Y,,,Y,,L,4,0,0,1,0,0,0,1,0,0,- ,- ,34.26459885,-119.4140015,SANTA BARBARA,SANTA BARBARA,-119.7108994,34.44137955
9049138,2020,9/25/20,4203,1/28/20,1302,8825,14,2,5,5,4203,0,0,0,,0,2,CASTILLO ST,RT 101,0,,Y,A,-,Y,SB,5,101,-,R,14.34,R,4,S,N,3,0,1,2,A,-,12,21453,A,N,H,G,A,A,H,-,A,A,0,,Y,,,Y,,L,4,0,1,0,0,0,0,1,0,0,- ,- ,34.41009903,-119.6945038,SANTA BARBARA,SANTA BARBARA,-119.7020264,34.41249466
90492390,2017,7/3/17,9760,6/21/17,1528,18418,,3,2,5,4203,0,1,2,,2,11,U.S. 101 S/B,MISSION ST,800,N,N,A,-,Y,,,,,,,,,,Y,4,0,2,4,A,-,3,22350,,N,C,C,A,A,H,-,A,D,0,,,,,Y,,D,22,0,0,2,0,0,0,0,0,0,- ,- ,34.42611,-119.72304,SANTA BARBARA,SANTA BARBARA,-119.7229148,34.42605228
90493751,2017,7/5/17,9760,6/26/17,1655,21300,,1,2,5,4203,0,1,2,,2,11,US-101 S/B,LOS PATOS WAY,1160,N,N,A,-,Y,,,101,,,,,,S,Y,3,0,1,1,A,-,8,22107,,N,F,A,A,A,H,-,A,D,0,,,Y,,Y,,C,2,0,1,0,0,0,0,0,0,1,- ,- ,34.42199,-119.66332,SANTA BARBARA,SANTA BARBARA,-119.6633277,34.42201625
90499776,2017,7/13/17,9760,7/6/17,1805,20473,,4,2,5,4203,0,1,2,,2,11,US-101 S/B,CARRILLO ST.,1000,N,N,A,-,Y,,,101,,,,,,S,N,4,0,1,2,A,-,3,22350,,N,C,C,A,A,H,-,A,D,0,,,,,Y,,A,7,0,0,1,0,0,0,0,0,0,- ,- ,34.41898,-119.71159,SANTA BARBARA,SANTA BARBARA,-119.7115701,34.41900692
90505402,2017,7/21/17,9760,3/2/17,2350,21476,,4,3,5,4203,0,1,2,,2,11,US-101 SOUTHBOUND,MICHELTORENA STREET,311,N,N,A,-,Y,,,101,,,,,,S,Y,1,1,0,2,A,-,3,22350,,N,C,C,A,A,H,-,D,D,0,,,,Y,Y,,A,1,0,0,0,0,0,0,0,0,0,- ,- ,34.41852,-119.71091,SANTA BARBARA,SANTA BARBARA,-119.71091,34.41851997
90507906,2017,7/25/17,9760,7/18/17,2244,20226,,2,3,5,4203,0,1,2,,2,11,US-101 NORTHBOUND,GARDEN STREET,1100,N,N,A,-,Y,,,101,,,,,,N,Y,3,0,1,1,A,-,8,22107,,N,F,A,A,A,H,-,C,D,0,,,,,Y,,A,7,0,1,0,0,0,0,0,0,0,- ,- ,34.41584,-119.69244,SANTA BARBARA,SANTA BARBARA,-119.692477,34.41587876
90509693,2017,7/27/17,9760,7/21/17,2000,20483,,5,2,5,4203,0,1,2,,2,20,US 101 S/B,STATE ST.,1500,S,N,A,-,Y,,,,,,,,,,Y,4,0,1,3,A,-,3,22350,,M,C,C,A,A,H,-,B,D,0,,,,,Y,,A,1,0,0,1,0,0,0,0,0,0,- ,- ,34.43921,-119.75452,SANTA BARBARA,SANTA BARBARA,-119.75561,34.44015
90515010,2017,8/2/17,9760,8/1/17,951,14690,,2,1,5,4203,0,1,2,,2,11,US-101 N/B,N. CALLE CESAR CHAVEZ,100,S,N,B,-,Y,,,101,,,,,,N,Y,4,0,1,3,A,-,3,22350,,N,C,C,A,A,H,-,A,D,0,,,,,Y,,A,1,0,0,1,0,0,0,0,0,0,- ,- ,34.41991,-119.68401,SANTA BARBARA,SANTA BARBARA,-119.6840017,34.41982427
90515084,2017,8/2/17,9760,7/30/17,1750,21018,,7,2,5,4203,0,1,2,,2,11,US-101 SOUTHBOUND,MILPAS ST,500,S,N,A,-,Y,,,101,,,,,,S,Y,4,0,1,3,A,-,3,22350,,N,C,C,A,A,C,-,A,D,0,,,,,Y,,A,7,0,0,1,0,0,0,0,0,0,- ,- ,34.42001,-119.67502,SANTA BARBARA,SANTA BARBARA,-119.6749791,34.4201581
90515101,2017,8/2/17,9760,7/30/17,1850,20964,,7,2,5,4203,0,1,2,,2,11,US-101 S/B,HOT SPRINGS RD,1056,S,N,A,-,Y,,,101,,,,,,S,Y,4,0,1,2,A,-,3,22350,,N,C,C,A,A,H,-,B,D,0,,,,,Y,,A,1,0,0,1,0,0,0,0,0,0,- ,- ,34.42083,-119.64891,SANTA BARBARA,SANTA BARBARA,-119.6489131,34.42081802
90519673,2017,8/9/17,9760,7/28/17,1700,21300,,5,2,5,4203,0,1,2,,2,11,US-101 S/B,ARRELLAGA ST,260,S,N,A,-,Y,,,101,,,,,,S,Y,4,0,3,3,A,-,3,22350,,N,C,C,A,A,H,-,A,D,0,,,,,Y,,A,1,0,0,3,0,0,0,0,0,0,- ,- ,34.42108,-119.71442,SANTA BARBARA,SANTA BARBARA,-119.7144112,34.42109178
90519707,2017,8/9/17,9760,7/30/17,1630,21018,,7,2,5,4203,0,1,2,,2,11,US-101 SOUTHBOUND,OLIVE MILL RD,1000,N,N,A,-,Y,,,101,,,,,,S,Y,3,0,1,2,A,-,3,22350,,N,C,C,A,A,H,-,A,D,0,,,,,Y,,A,1,0,1,0,0,0,0,0,0,0,- ,- ,34.41977,-119.64478,SANTA BARBARA,SANTA BARBARA,-119.6447811,34.41976141
90521286,2017,8/11/17,9760,8/4/17,1745,21300,,5,2,5,4203,0,1,2,,2,11,US-101 S/B,OLIVE MILL RD,2420,N,N,A,-,Y,,,101,,,,,,S,Y,3,0,1,2,A,-,17,21658,,N,B,C,A,A,H,-,A,D,0,,,Y,,Y,,A,1,0,1,0,0,0,0,0,0,1,- ,- ,34.42062,-119.64803,SANTA BARBARA,SANTA BARBARA,-119.6480383,34.42058876
9052654,2020,3/5/21,4203,2/1/20,338,24079,34,6,5,5,4203,0,0,0,,0,4,MISSION ST,BATH ST,0,,Y,A,-,N,,,,,,,,,,Y,3,0,1,1,A,-,3,22350,,N,H,A,A,A,H,-,D,A,0,,,Y,,Y,,C,2,0,1,0,0,0,0,0,0,1,- ,- ,,,SANTA BARBARA,SANTA BARBARA,-119.7179565,34.42760849
90528973,2017,8/23/17,9760,8/15/17,1800,20804,,2,2,5,4203,0,1,2,,2,20,US-101 S/B,LAS POSITAS RD,1320,N,N,A,-,Y,,,101,,,,,,S,Y,4,0,1,2,A,-,7,21658,A,N,B,C,A,A,H,-,A,D,0,,,,,Y,,A,1,0,0,1,0,0,0,0,0,0,- ,- ,34.42931,-119.74023,SANTA BARBARA,SANTA BARBARA,-119.7403041,34.42911234
90529909,2017,8/24/17,9760,8/18/17,123,20757,,5,3,5,4203,0,1,2,,2,11,US-101 S/B,STATE STREET,10,S,N,A,-,Y,,,101,,,,,,S,N,2,0,1,2,A,-,11,21954,A,F,G,B,D,A,H,-,D,D,0,Y,,,,Y,Y,N,60,1,0,0,0,1,0,0,0,0,- ,- ,34.41529,-119.69281,SANTA BARBARA,SANTA BARBARA,-119.6928038,34.41528351
9053200,2020,11/3/20,4203,1/22/20,1038,6970,28,3,5,5,4203,0,0,0,,0,6,MODOC RD,LAS POSITAS RD,8,N,N,A,-,N,,,,,,,,,,,4,0,1,2,A,-,3,22350,,N,C,C,A,A,H,-,A,A,0,,,,,Y,,A,1,0,0,1,0,0,0,0,0,0,- ,- ,34.42613983,-119.7348633,SANTA BARBARA,SANTA BARBARA,-119.7348175,34.42612457
9053805,2020,3/5/21,4203,2/29/20,914,24576,32,6,5,5,4203,0,0,0,,0,4,W CARRILLO ST,CASTILLO ST,21,E,N,A,-,N,,,,,,,,,,Y,2,0,1,2,A,-,10,21950,A,F,G,B,B,A,H,-,A,A,0,Y,,,,Y,,D,22,1,0,0,0,1,0,0,0,0,- ,- ,34.41732025,-119.7063828,SANTA BARBARA,SANTA BARBARA,-119.7063065,34.41730499
9053860,2020,5/20/20,4203,2/16/20,252,23094,74,7,5,5,4203,0,0,0,,0,1,ALAMEDA PADRE SERRA,LOMDA MEDIA RD,80,N,N,A,-,N,,,,,,,,,,Y,4,0,1,1,A,-,1,23152,A,M,E,I,A,A,H,-,C,D,0,,,,,Y,Y,A,1,0,0,1,0,0,0,0,0,0,- ,- ,34.43600082,-119.6869965,SANTA BARBARA,SANTA BARBARA,,
9053875,2020,3/9/20,4203,1/21/20,1635,6983,45,2,5,5,4203,0,0,0,,0,4,STATE ST,ARRELLAGA ST,90,N,N,A,-,N,,,,,,,,,,N,4,0,1,2,A,-,3,22350,,F,C,C,A,A,H,-,A,A,0,,,,,Y,,A,7,0,0,1,0,0,0,0,0,0,- ,- ,34.42710114,-119.70961,SANTA BARBARA,SANTA BARBARA,-119.7098083,34.42726517
90539969,2017,9/5/17,9760,8/23/17,1554,20965,,3,2,5,4203,0,1,2,,2,11,US-101 S/B,CABRILLO BLVD,1700,N,N,A,-,Y,,,101,,,,,,S,Y,4,0,1,3,A,-,3,22350,,N,C,C,A,A,H,-,A,D,0,,,,,Y,,A,1,0,0,1,0,0,0,0,0,0,- ,- ,34.4228,-119.66066,SANTA BARBARA,SANTA BARBARA,-119.6606456,34.42274466
90539973,2017,9/5/17,9760,8/23/17,1528,20804,,3,2,5,4203,0,1,2,,2,11,US-101 S/B FROM GARDEN ST.,GARDEN ST.,150,S,N,A,-,Y,,,101,,,,R,,S,N,4,0,1,2,A,-,21,22106,,N,C,C,A,A,H,-,A,A,0,,,,,Y,,D,22,0,0,1,0,0,0,0,0,0,- ,- ,34.4189,-119.68805,SANTA BARBARA,SANTA BARBARA,-119.68805,34.4189
90542377,2017,9/7/17,9760,8/27/17,1755,20964,,7,2,5,4203,0,1,2,,2,20,US-101 N/B,LA CUMBRE RD,490,N,N,A,-,Y,,,101,,,,,,N,Y,3,0,1,4,A,-,3,22350,,N,C,C,A,A,H,-,A,D,0,,,,,Y,,A,7,0,1,0,0,0,0,0,0,0,- ,- ,34.43789,-119.75276,SANTA BARBARA,SANTA BARBARA,-119.7527358,34.43791709
90545135,2017,9/11/17,9760,9/8/17,1840,21300,,5,2,5,4203,0,1,2,,2,11,US-101 N/B TO MISSION ST.,MISSION ST.,35,S,N,A,-,Y,,,101,,,,R,,N,Y,2,0,4,3,A,-,1,23152,A,F,C,C,A,A,H,-,B,A,0,,,,,Y,Y,A,1,1,2,1,0,0,0,0,0,0,- ,- ,34.42562,-119.71984,SANTA BARBARA,SANTA BARBARA,-119.71984,34.42562
90545548,2017,9/12/17,9760,9/3/17,1130,19831,,7,1,5,4203,0,3,5,,2,1,RINCON HILL ROAD,BATES RANCH ROAD,623,N,N,A,-,N,,,,,,,,,,N,3,0,1,1,A,-,3,22350,,N,F,A,A,A,H,-,A,D,0,,Y,,,Y,,L,4,0,1,0,0,0,0,1,0,0,- ,- ,34.37924,-119.47528,SANTA BARBARA,SANTA BARBARA,,
90546771,2017,9/13/17,9760,9/11/17,1720,19464,,1,2,5,4203,0,1,2,,2,11,US-101 SOUTHBOUND,LAS POSITAS ROAD,1420,S,N,A,-,Y,,,101,,,,,,S,Y,4,0,1,3,A,-,3,22350,,N,C,C,A,A,H,-,A,D,0,,,,,Y,,A,1,0,0,1,0,0,0,0,0,0,- ,- ,34.42645,-119.72505,SANTA BARBARA,SANTA BARBARA,-119.7250417,34.42649357
90558091,2017,9/28/17,9760,9/21/17,1645,18431,,4,2,5,4203,0,1,2,,2,11,US-101 S/B,MISSION ST.,2100,S,N,A,-,Y,,,101,,,,,,S,N,4,0,2,2,A,-,3,22350,,N,C,C,A,A,H,-,A,D,0,,,,,Y,,A,1,0,0,2,0,0,0,0,0,0,- ,- ,34.42145,-119.71501,SANTA BARBARA,SANTA BARBARA,-119.7149682,34.42150623
90558129,2017,9/28/17,9760,9/22/17,1720,20964,,5,2,5,4203,0,1,2,,2,20,US-101 NB TO STATE STREET,STATE STREET,40,S,N,A,-,Y,,,101,,,,R,,N,N,4,0,1,2,A,-,3,22350,,M,C,C,A,A,H,-,A,D,0,,,,,Y,,-,99,0,0,1,0,0,0,0,0,0,- ,- ,34.43984,-119.75401,SANTA BARBARA,SANTA BARBARA,-119.75401,34.43984
90560870,2017,10/2/17,9760,9/26/17,1655,19464,,2,2,5,4203,0,1,2,,2,11,US-101 SOUTHBOUND TO MILPAS STREET,MILPAS STREET,600,N,N,A,-,Y,,,101,,,,R,,S,Y,4,0,1,2,A,-,3,22350,,N,C,C,A,A,H,-,A,A,0,,,,,Y,,A,1,0,0,1,0,0,0,0,0,0,- ,- ,34.4202,-119.67962,SANTA BARBARA,SANTA BARBARA,-119.67962,34.4202
90561460,2017,10/2/17,9760,9/20/17,1815,18431,,3,2,5,4203,0,1,2,,2,11,US-101 S/B,HOT SPRINGS RD.,1300,N,N,A,-,Y,,,101,,,,,,S,Y,3,0,1,2,A,-,3,22350,,N,C,C,A,A,H,-,A,D,0,,,Y,,Y,,C,2,0,1,0,0,0,0,0,0,1,- ,- ,34.42294,-119.65986,SANTA BARBARA,SANTA BARBARA,-119.659853,34.42288451
90561594,2017,10/3/17,9760,9/22/17,1805,20965,,5,2,5,4203,0,1,2,,2,11,US-101 S/B,CABRILLO BLVD,1300,N,N,A,-,Y,,,101,,,,,,S,N,4,0,1,2,A,-,3,22350,,F,C,C,A,A,H,-,A,D,0,,,,,Y,,A,7,0,0,1,0,0,0,0,0,0,- ,- ,34.42303,-119.65867,SANTA BARBARA,SANTA BARBARA,-119.6586666,34.42298151
90561749,2017,10/3/17,9760,9/19/17,1155,12263,,2,1,5,4203,0,1,2,,2,11,US101 N/B,MILPAS ST.,1050,S,N,B,-,Y,,,101,,,,,,N,Y,4,0,2,3,A,-,3,22350,,N,C,C,A,A,D,-,A,A,0,,,,,Y,,A,1,0,0,2,0,0,0,0,0,0,- ,- ,34.42018,-119.6702,SANTA BARBARA,SANTA BARBARA,-119.6701912,34.42013942
90562152,2017,10/3/17,9760,9/22/17,2310,21300,,5,3,5,4203,0,1,2,,2,11,US-101 N/B TO CARRILLO ST.,CARRILLO ST,28,S,N,A,-,Y,,,101,,,,R,,N,N,3,0,1,2,A,-,12,21453,A,N,H,G,A,A,H,-,C,A,0,,Y,Y,,Y,,L,4,0,1,0,0,0,0,0,0,1,- ,- ,34.41656,-119.70694,SANTA BARBARA,SANTA BARBARA,-119.70694,34.41656
90566301,2017,10/9/17,9760,9/30/17,2117,21431,,6,2,5,4203,0,1,2,,2,11,US-101 NB,MILPAS ST,300,S,N,A,-,Y,,,101,,,,,,N,Y,4,0,1,2,A,-,7,21658,A,N,B,C,A,A,H,-,D,D,0,,,,,Y,,D,22,0,0,1,0,0,0,0,0,0,- ,- ,34.42041,-119.67597,SANTA BARBARA,SANTA BARBARA,-119.6759699,34.42041176
90566461,2017,10/10/17,9760,10/1/17,1256,20211,,7,1,5,4203,0,1,2,,2,11,US-101 SOUTHBOUND,CABRILLO BLVD,900,S,N,A,-,Y,,,101,,,,,,S,Y,4,0,1,4,A,-,4,21703,,N,C,C,A,A,H,-,A,D,0,,,,,Y,,A,7,0,0,1,0,0,0,0,0,0,- ,- ,34.42163,-119.65211,SANTA BARBARA,SANTA BARBARA,-119.6521064,34.42164363
90566817,2017,10/10/17,9760,10/1/17,2140,20528,,7,2,5,4203,0,1,3,,1,22,SR-154 (SAN MARCOS PASS ROAD),US-101 SB FROM SR-154,0,,Y,A,-,Y,,,154,,,,,,,Y,3,0,1,2,A,-,9,21453,C,N,D,C,A,A,H,-,C,A,0,,,Y,,Y,,-,- ,0,1,0,0,0,0,0,0,1,- ,- ,34.4409,-119.75998,SANTA BARBARA,SANTA BARBARA,-119.7600209,34.44090107
90568952,2017,10/12/17,9760,10/5/17,750,20495,,4,1,5,4203,0,1,2,,2,11,US-101 NORTHBOUND (EL CAMINO REAL),CARRILLO STREET,1600,S,N,A,-,Y,,,101,,,,,,N,Y,4,0,2,3,A,-,3,22350,,M,C,C,A,A,H,-,A,D,0,,,,,Y,,A,1,0,0,2,0,0,0,0,0,0,- ,- ,34.41412,-119.70454,SANTA BARBARA,SANTA BARBARA,-119.7045275,34.41413327
90568991,2017,10/12/17,9760,10/5/17,1420,21061,,4,2,5,4203,0,1,2,,2,11,US-101 S/B,CARRILLO ST,1500,N,N,A,-,Y,,,101,,,,,,S,Y,3,0,1,2,A,-,3,22350,,N,C,C,A,A,H,-,A,D,0,,,,,Y,,A,1,0,1,0,0,0,0,0,0,0,- ,- ,34.4191,-119.71161,SANTA BARBARA,SANTA BARBARA,-119.7116404,34.41905881
90571781,2017,5/22/18,9760,10/8/17,2100,14690,,7,2,5,4203,0,3,5,,2,1,PICACHO LN,SR-192 ( E. VALLEY RD.),0,,Y,A,-,Y,,,,,,,,,,N,3,0,1,1,A,-,8,22107,,N,E,I,A,A,H,-,D,A,0,,,,,Y,,A,1,0,1,0,0,0,0,0,0,0,- ,- ,34.41549,-119.69723,SANTA BARBARA,SANTA BARBARA,,
90571831,2017,10/18/17,9760,10/7/17,221,21476,,6,3,5,4203,0,1,2,,2,20,US-101 N/B,SR-154,540,S,N,A,-,Y,,,101,,,,,,N,Y,3,0,1,2,A,-,3,22350,,N,D,C,A,A,H,-,D,D,0,,,,Y,Y,,A,1,0,1,0,0,0,0,0,0,0,- ,- ,34.44119,-119.75809,SANTA BARBARA,SANTA BARBARA,-119.7580835,34.44122618
9057672,2020,11/13/20,4203,4/25/20,909,6535,UI,6,5,5,4203,0,0,0,,0,2,COAST VILLAGE RD,OLIVE MILL RD,0,,Y,A,-,Y,SB,5,101,-,-,10.34,R,4,S,N,3,0,1,1,A,-,8,22107,,N,E,I,A,A,H,-,A,A,0,,,,,Y,,D,22,0,1,0,0,0,0,0,0,0,- ,- ,34.42145157,-119.6399994,SANTA BARBARA,SANTA BARBARA,-119.6368637,34.42213821
9057676,2020,7/31/20,4203,4/14/20,1527,6983,43,2,5,5,4203,0,0,0,,0,3,OLIVE ST,HALEY ST,54,N,N,A,-,N,,,,,,,,,,Y,4,0,1,3,A,-,8,22107,,N,A,C,A,-,A,-,A,A,0,,,,,Y,,-,,0,0,1,0,0,0,0,0,0,- ,- ,34.42221069,-119.689949,SANTA BARBARA,SANTA BARBARA,-119.6899643,34.4222374
90581632,2017,10/30/17,9760,10/17/17,1535,20765,,2,2,5,4203,0,1,2,,2,20,US-101 NORTHBOUND,HOPE AVE,250,N,N,A,-,Y,,,101,,,,,,N,Y,4,0,1,4,A,-,3,22350,,N,C,C,A,A,H,-,A,D,0,,,,,Y,,D,22,0,0,1,0,0,0,0,0,0,- ,- ,34.43426,-119.74869,SANTA BARBARA,SANTA BARBARA,-119.7486663,34.4342855
90582766,2017,10/30/17,9760,10/19/17,1605,20495,,4,2,5,4203,0,1,2,,2,20,US-101 NORTHBOUND (EL CAMINO REAL),LAS POSITAS ROAD,565,N,N,A,-,Y,,,101,,,,,,N,N,4,0,1,2,A,-,3,22350,,N,C,C,A,A,H,-,A,D,0,,,,,Y,,A,1,0,0,1,0,0,0,0,0,0,- ,- ,34.42825,-119.73576,SANTA BARBARA,SANTA BARBARA,-119.7357597,34.4282541
9058321,2020,7/28/20,4203,4/16/20,1150,24576,51,4,5,5,4203,0,0,0,,0,5,CALLE NOGUERA,CALLE PALO COLORADO,0,,Y,A,-,N,,,,,,,,,,,3,0,1,2,A,-,9,21802,A,N,D,G,A,A,H,-,A,A,0,,Y,,,Y,,L,4,0,1,0,0,0,0,1,0,0,- ,- ,34.43996048,-119.7258301,SANTA BARBARA,SANTA BARBARA,-119.7310181,34.44144058
9058385,2020,7/24/20,4203,4/27/20,1410,8825,28,1,5,5,4203,0,0,0,,0,6,PORTOFINO WY,CALLE DE LOS AMIGOS,19,E,N,A,-,N,,,,,,,,,,Y,4,0,1,3,C,-,18,,,N,D,E,A,A,H,-,A,A,0,,,,,Y,,-,- ,0,0,1,0,0,0,0,0,0,- ,- ,34.42726135,-119.7499466,SANTA BARBARA,SANTA BARBARA,-119.749855,34.42741776
90588077,2017,11/6/17,9760,10/30/17,1720,20211,,1,2,5,4203,0,1,2,,2,11,US-101 SOUTHBOUND TO MISSION STREET,MISSION STREET,650,N,N,A,-,Y,,,101,,,,R,,S,N,4,0,1,2,A,-,3,22350,,N,C,C,A,A,H,-,B,D,0,,,,,Y,,A,1,0,0,1,0,0,0,0,0,0,- ,- ,34.42587,-119.72278,SANTA BARBARA,SANTA BARBARA,-119.72278,34.42587
90588733,2017,11/7/17,9760,10/27/17,1730,20765,,5,2,5,4203,0,1,2,,2,11,US-101 SOUTHBOUND,ARRELLAGA ST,100,N,N,A,-,Y,,,101,,,,,,S,N,3,0,2,4,A,-,3,22350,,N,C,C,A,A,H,-,A,D,0,,,,,Y,,D,22,0,1,1,0,0,0,0,0,0,- ,- ,34.42204,-119.71582,SANTA BARBARA,SANTA BARBARA,-119.715772,34.42210446
90589980,2017,11/8/17,9760,10/30/17,1556,20211,,1,2,5,4203,0,1,2,,2,11,US-101 SOUTHBOUND,JUNIPERO ST,455,S,N,A,-,Y,,,101,,,,,,S,Y,3,0,1,1,A,-,8,22107,,N,F,A,A,A,H,-,A,D,0,,,,,Y,,D,22,0,1,0,0,0,0,0,0,0,- ,- ,34.42675,-119.72672,SANTA BARBARA,SANTA BARBARA,-119.7267228,34.42672986
90594563,2017,11/15/17,9760,11/8/17,1815,20765,,3,2,5,4203,0,1,2,,2,11,US-101 NORTHBOUND,CARRILLO ST,1500,N,N,A,-,Y,,,101,,,,,,N,Y,3,0,2,2,A,-,3,22350,,N,C,C,A,A,H,-,C,D,0,,,,,Y,,A,1,0,2,0,0,0,0,0,0,0,- ,- ,34.41912,-119.71132,SANTA BARBARA,SANTA BARBARA,-119.7113543,34.41907539
90594568,2017,11/15/17,9760,11/7/17,1820,18431,,2,2,5,4203,0,1,2,,2,20,US-101 N/B,LAS POSITAS RD.,500,N,N,A,-,Y,,,101,,,,,,N,Y,4,0,1,2,A,-,3,22350,,N,C,C,A,A,H,-,C,D,0,,,,,Y,,A,1,0,0,1,0,0,0,0,0,0,- ,- ,34.42828,-119.73559,SANTA BARBARA,SANTA BARBARA,-119.7355924,34.42824325
90594656,2017,11/15/17,9760,11/7/17,2133,21431,,2,2,5,4203,0,1,2,,2,11,US-101 NB,LAS POSITAS RD,2112,S,N,A,-,Y,,,101,,,,,,N,Y,3,0,2,2,A,-,1,23152,A,N,C,C,A,A,H,-,D,D,0,,,,,Y,Y,A,1,0,1,1,0,0,0,0,0,0,- ,- ,34.4269,-119.72698,SANTA BARBARA,SANTA BARBARA,-119.726981,34.42689258
90596214,2017,11/16/17,9760,11/9/17,1735,20765,,4,2,5,4203,0,1,2,,2,11,US-101 NORTHBOUND,MILPAS ST,1400,S,N,A,-,Y,,,101,,,,,,N,Y,3,0,2,2,A,-,3,22350,,N,C,C,A,A,H,-,C,D,0,,,,,Y,,A,1,0,2,0,0,0,0,0,0,0,- ,- ,34.41988,-119.67229,SANTA BARBARA,SANTA BARBARA,-119.6722905,34.41989564
90597721,2017,3/6/18,9760,11/7/17,1608,20804,,2,2,5,4203,0,1,2,,2,20,US-101 S/B,LAS POSITAS RD.,1000,N,N,A,-,Y,,,101,,,,,,S,Y,3,0,1,3,A,-,3,22350,,N,B,C,A,A,H,-,A,D,0,,,Y,,Y,Y,C,2,0,1,0,0,0,0,0,0,1,- ,- ,34.4305,-119.74349,SANTA BARBARA,SANTA BARBARA,-119.7434692,34.43053771