CASE_ID,ACCIDENT_YEAR,PROC_DATE,JURIS,COLLISION_DATE,COLLISION_TIME,OFFICER_ID,REPORTING_DISTRICT,DAY_OF_WEEK,CHP_SHIFT,POPULATION,CNTY_CITY_LOC,SPECIAL_COND,BEAT_TYPE,CHP_BEAT_TYPE,CITY_DIVISION_LAPD,CHP_BEAT_CLASS,BEAT_NUMBER,PRIMARY_RD,SECONDARY_RD,DISTANCE,DIRECTION,INTERSECTION,WEATHER_1,WEATHER_2,STATE_HWY_IND,CALTRANS_COUNTY,CALTRANS_DISTRICT,STATE_ROUTE,ROUTE_SUFFIX,POSTMILE_PREFIX,POSTMILE,LOCATION_TYPE,RAMP_INTERSECTION,SIDE_OF_HWY,TOW_AWAY,COLLISION_SEVERITY,NUMBER_KILLED,NUMBER_INJURED,PARTY_COUNT,PRIMARY_COLL_FACTOR,PCF_CODE_OF_VIOL,PCF_VIOL_CATEGORY,PCF_VIOLATION,PCF_VIOL_SUBSECTION,HIT_AND_RUN,TYPE_OF_COLLISION,MVIW,PED_ACTION,ROAD_SURFACE,ROAD_COND_1,ROAD_COND_2,LIGHTING,CONTROL_DEVICE,CHP_ROAD_TYPE,PEDESTRIAN_ACCIDENT,BICYCLE_ACCIDENT,MOTORCYCLE_ACCIDENT,TRUCK_ACCIDENT,NOT_PRIVATE_PROPERTY,ALCOHOL_INVOLVED,STWD_VEHTYPE_AT_FAULT,CHP_VEHTYPE_AT_FAULT,COUNT_SEVERE_INJ,COUNT_VISIBLE_INJ,COUNT_COMPLAINT_PAIN,COUNT_PED_KILLED,COUNT_PED_INJURED,COUNT_BICYCLIST_KILLED,COUNT_BICYCLIST_INJURED,COUNT_MC_KILLED,COUNT_MC_INJURED,PRIMARY_RAMP,SECONDARY_RAMP,LATITUDE,LONGITUDE,COUNTY,CITY,POINT_X,POINT_Y
9286427,2021,7/20/21,4203,6/21/21,2234,25327,54,1,5,5,4203,0,0,0,,0,5,CALLE REAL,RT 101,0,,Y,A,-,Y,SB,5,101,-,-,19.9,R,4,N,Y,3,0,1,2,A,-,12,21453,A,N,B,C,A,A,H,-,C,A,0,,,,,Y,,A,7,0,1,0,0,0,0,0,0,0,- ,NF,34.43412018,-119.747673,SANTA BARBARA,SANTA BARBARA,-119.7865372,34.44228745
9286614,2021,7/26/21,4203,7/9/21,1054,24576,28,5,5,5,4203,0,0,0,,0,6,MODOC RD,LAS POSITAS RD,21,W,N,A,-,N,,,,,,,,,,N,3,0,1,2,A,-,8,22107,,N,H,G,A,A,H,-,A,A,0,,Y,,,Y,,A,1,0,1,0,0,0,0,1,0,0,- ,- ,34.42597961,-119.7349396,SANTA BARBARA,SANTA BARBARA,-119.734848,34.42615128
9287223,2021,9/2/21,4203,7/25/21,2126,1959,65,7,5,5,4203,0,0,0,,0,1,N ALISOS ST,E MONECITO ST,207,N,N,A,-,N,,,,,,,,,,Y,4,0,2,3,A,-,1,23152,A,N,G,B,E,A,H,-,C,A,0,Y,,,,Y,Y,A,1,0,0,2,0,1,0,0,0,0,- ,- ,34.42589951,-119.6820984,SANTA BARBARA,SANTA BARBARA,-119.6821747,34.42589569
9287233,2021,9/9/21,4203,7/23/21,757,24576,11,5,5,5,4203,0,0,0,,0,2,MILPAS ST,RT 101,0,,Y,A,-,Y,SB,5,101,-,-,12.57,R,4,N,Y,4,0,2,2,D,-,0,,,N,B,C,A,A,H,-,A,D,0,,,,,Y,,-,- ,0,0,2,0,0,0,0,0,0,- ,NF,34.41849136,-119.6726685,SANTA BARBARA,SANTA BARBARA,-119.6741333,34.42010117
9287234,2021,9/2/21,4203,7/21/21,1838,24093,,3,5,5,4203,0,0,0,,0,2,OLD COAST HWY,HOT SPRING RD,45,W,N,A,-,N,,,,,,,,,,N,4,0,1,2,A,-,10,21950,A,N,G,B,C,A,H,-,A,A,0,Y,,,,Y,,A,1,0,0,1,0,1,0,0,0,0,- ,- ,34.42277908,-119.6527634,SANTA BARBARA,SANTA BARBARA,,
9287235,2021,9/2/21,4203,7/22/21,1013,24576,50,4,5,5,4203,0,0,0,,0,5,LOS OLIVOS ST,ALAMEDA PADRE SERRA S,0,,Y,A,-,N,,,,,,,,,,N,3,0,1,2,A,-,9,21802,A,N,H,G,A,A,H,-,A,A,0,,Y,,,Y,,A,1,0,1,0,0,0,0,1,0,0,- ,- ,34.43899155,-119.7131729,SANTA BARBARA,SANTA BARBARA,-119.7131195,34.43904114
9287236,2021,9/2/21,4203,7/5/21,1155,25607,54,1,5,5,4203,0,0,0,,0,5,HITRCHCOCK WY,CALLE REAL,196,N,N,A,-,N,,,,,,,,,,N,4,0,1,3,A,-,9,21801,A,N,D,C,A,A,H,-,A,D,0,,,,,Y,,A,1,0,0,1,0,0,0,0,0,0,- ,- ,34.43164825,-119.7414322,SANTA BARBARA,SANTA BARBARA,,
9287237,2021,9/2/21,4203,7/20/21,1812,24802,11,2,5,5,4203,0,0,0,,0,2,EAST CABRILLO BL,NINOS DR,855,E,N,A,-,N,,,,,,,,,,N,3,0,1,2,A,-,5,21460,A,N,D,A,A,A,H,-,A,A,0,,,Y,,Y,,C,2,0,1,0,0,0,0,0,0,0,- ,- ,34.41770172,-119.6645966,SANTA BARBARA,SANTA BARBARA,-119.6646652,34.41775513
9292071,2021,7/27/21,4203,7/3/21,1627,24582,3,6,5,5,4203,0,0,0,,0,3,E HALEY ST,SANTA BARBARA ST,0,,Y,A,-,N,,,,,,,,,,N,3,0,1,2,A,-,8,22107,,N,D,C,A,A,H,-,A,A,0,,,,,Y,,A,1,0,1,0,0,0,0,0,0,0,- ,- ,34.4189415,-119.6932907,SANTA BARBARA,SANTA BARBARA,-119.6932297,34.41896057
9292077,2021,9/1/21,4203,7/4/21,2032,24576,12,7,5,5,4203,0,0,0,,0,2,CABRILLO BL,CALLE CESAR CHAVEZ,369,E,N,A,-,N,,,,,,,,,,,4,0,1,2,A,-,3,22350,,N,H,G,A,A,H,-,C,D,0,,Y,,,Y,,L,4,0,0,1,0,0,0,1,0,0,- ,- ,34.41535187,-119.6806107,SANTA BARBARA,SANTA BARBARA,-119.6791458,34.41551208
9293212,2021,8/21/21,4203,7/11/21,1508,8825,28,7,5,5,4203,0,0,0,,0,6,MODOC RD,CALLE DE LOS AMIGOS,50,W,N,A,-,N,,,,,,,,,,,3,0,1,1,B,-,22,,,N,F,A,A,A,H,-,A,A,0,,Y,,,Y,,L,4,0,1,0,0,0,0,1,0,0,- ,- ,34.43275833,-119.7481918,SANTA BARBARA,SANTA BARBARA,-119.7481918,34.4328804
9293213,2021,8/21/21,4203,7/10/21,2157,3849,,6,5,5,4203,0,0,0,,0,4,CASTILLO ST,CARRILLO ST,0,,Y,A,-,N,,,,,,,,,,,4,0,2,2,A,-,12,21453,A,N,D,C,A,A,H,-,C,A,0,,,,,Y,,A,1,0,0,2,0,0,0,0,0,0,- ,- ,34.41732025,-119.7063828,SANTA BARBARA,SANTA BARBARA,-119.7063522,34.41725922
9293214,2021,8/21/21,4203,7/16/21,236,5124,,5,5,5,4203,0,0,0,,0,6,SAN ANDRES ST,W VALERIO ST,210,N,N,A,-,N,,,,,,,,,,Y,3,0,1,2,A,-,1,23152,A,M,B,E,A,A,H,-,C,D,0,,,,,Y,Y,A,1,0,1,0,0,0,0,0,0,0,- ,- ,34.42100143,-119.7190018,SANTA BARBARA,SANTA BARBARA,-119.7192459,34.42101669
9293215,2021,8/21/21,4203,7/16/21,1710,24079,,5,5,5,4203,0,0,0,,0,3,GARDEN ST,PEDREGOSA ST,0,,Y,A,-,N,,,,,,,,,,Y,3,0,2,2,A,-,1,23153,A,N,D,C,A,A,H,-,A,A,0,,,,,Y,,A,1,0,1,1,0,0,0,0,0,0,- ,- ,34.43309021,-119.709938,SANTA BARBARA,SANTA BARBARA,-119.7100296,34.43309021
9293216,2021,8/30/21,4203,7/17/21,905,24079,16,6,5,5,4203,0,0,0,,0,6,LOMA ALTA DR,WELDON PL,126,S,N,A,-,N,,,,,,,,,,,2,0,1,1,C,-,18,,,N,H,A,A,A,H,-,A,D,0,,Y,,,Y,,-,- ,1,0,0,0,0,0,1,0,0,- ,- ,34.40745926,-119.7029114,SANTA BARBARA,SANTA BARBARA,-119.7024612,34.40719986
9294616,2021,8/23/21,4203,7/17/21,2107,25317,40,6,5,5,4203,0,0,0,,0,4,1 W ORTEGA ST,CHAPALA ST,150,E,N,A,-,N,,,,,,,,,,N,3,0,2,2,A,-,1,23153,A,N,C,E,A,A,H,-,C,D,0,,,,,Y,Y,A,1,0,1,1,0,0,0,0,0,0,- ,- ,34.41799927,-119.6987,SANTA BARBARA,SANTA BARBARA,-119.6988449,34.41793442
9294621,2021,8/26/21,4203,7/4/21,2122,8825,27,7,5,5,4203,0,0,0,,0,6,CLIFF DR,SEA LEDGE LN,2520,E,N,A,-,N,,,,,,,,,,Y,2,0,4,1,A,-,1,23152,A,N,E,I,A,A,H,-,D,D,0,,,,,Y,Y,A,1,4,0,0,0,0,0,0,0,0,- ,- ,,,SANTA BARBARA,SANTA BARBARA,-119.7457123,34.40487671
9294624,2021,8/27/21,4203,7/8/21,36,5124,61,4,5,5,4203,0,0,0,,0,3,N SALISIPUEDES,PICO AV,69,N,N,A,-,N,,,,,,,,,,Y,3,0,1,4,A,-,1,23152,A,N,B,E,A,A,H,-,E,D,0,,,,,Y,Y,A,7,0,1,0,0,0,0,0,0,0,- ,- ,34.42499924,-119.6920013,SANTA BARBARA,SANTA BARBARA,-119.6922531,34.42579651
9297420,2021,8/18/21,4203,7/24/21,1252,24576,,6,5,5,4203,0,0,0,,0,1,MISSION RIDGE RD,MOUNTAIN DR,171,E,N,A,-,N,,,,,,,,,,Y,3,0,1,1,A,-,8,22107,,N,F,A,A,A,H,-,A,D,0,,,,,Y,,D,22,0,1,0,0,0,0,0,0,0,- ,- ,34.44546127,-119.6949921,SANTA BARBARA,SANTA BARBARA,-119.7114563,34.44100189
9297768,2021,10/14/21,4203,7/18/21,1823,23094,36,7,5,5,4203,0,0,0,,0,1,N MILPAS ST,E FIRUEROA ST,12,E,N,A,-,N,,,,,,,,,,N,4,0,1,2,D,-,0,,,F,C,G,A,A,H,-,A,D,0,,Y,,,Y,,-,- ,0,0,1,0,0,0,1,0,0,- ,- ,34.43180084,-119.6929016,SANTA BARBARA,SANTA BARBARA,,
9297769,2021,10/14/21,4203,7/25/21,1501,6693,2,7,5,5,4203,0,0,0,,0,2,SAN PASCUAL ST,W DE LA GUERRA ST,45,N,N,A,-,N,,,,,,,,,,N,3,0,1,2,A,-,8,22107,,N,B,E,A,A,H,-,A,D,0,,Y,,,Y,Y,L,4,0,1,0,0,0,0,1,0,0,- ,- ,34.41329956,-119.7060013,SANTA BARBARA,SANTA BARBARA,-119.7061539,34.41337204
9297770,2021,10/14/21,4203,7/23/21,1321,24576,45,5,5,5,4203,0,0,0,,0,3,ANACAPA ST,ANAPAMU ST,0,,Y,A,-,N,,,,,,,,,,Y,3,0,1,2,A,-,12,21453,A,N,D,C,A,A,H,-,A,A,0,,,,,Y,,A,7,0,1,0,0,0,0,0,0,0,- ,- ,34.42433929,-119.703392,SANTA BARBARA,SANTA BARBARA,-119.7032776,34.42446899
9301905,2021,9/22/21,4203,8/24/21,1233,8625,76,2,5,5,4203,0,0,0,,0,1,MOUNTAIN DR,MISSION RIDGE RD W,0,,Y,A,-,N,,,,,,,,,,Y,3,0,1,2,A,-,8,22107,,N,A,C,A,A,H,-,A,A,0,,,,,Y,,A,7,0,1,0,0,0,0,0,0,0,- ,- ,34.44110107,-119.7115784,SANTA BARBARA,SANTA BARBARA,-119.7114563,34.44100189
9301906,2021,9/22/21,4203,8/19/21,1645,24079,62,4,5,5,4203,0,0,0,,0,1,GUTIERREZ ST,ALISOS ST,0,,Y,A,-,N,,,,,,,,,,,4,0,1,2,A,-,9,21802,A,N,H,G,A,A,H,-,A,A,0,,Y,,,Y,,L,4,0,0,1,0,0,0,1,0,0,- ,- ,34.26446915,-119.6829376,SANTA BARBARA,SANTA BARBARA,-119.6829071,34.42646027
9301907,2021,9/22/21,4203,8/13/21,1622,23766,,5,5,5,4203,0,0,0,,0,3,1600 STATE ST,ARRELLAGA ST,132,N,N,A,-,N,,,,,,,,,,N,3,0,1,2,A,-,8,22107,,N,E,J,A,A,H,-,A,D,0,,,,,Y,,A,1,0,1,0,0,0,0,0,0,0,- ,- ,34.42760086,-119.7101974,SANTA BARBARA,SANTA BARBARA,-119.7099152,34.42734528
9301908,2021,9/22/21,4203,8/28/21,1100,24079,,6,5,5,4203,0,0,0,,0,5,LA CUMBRE RD,LA COLINA RD,0,,Y,A,-,N,,,,,,,,,,Y,3,0,4,2,-,-,- ,,A,N,D,C,A,A,H,-,A,D,0,,,,,Y,,A,1,0,3,1,0,0,0,0,0,0,- ,- ,34.44300079,-119.745842,SANTA BARBARA,SANTA BARBARA,-119.7510986,34.44422913
9301909,2021,9/22/21,4203,8/29/21,1318,5206,22,7,5,5,4203,0,0,0,,0,6,W MICHELTORENA ST,SAN ANDRES ST,186,W,N,A,-,N,,,,,,,,,,,3,0,1,2,-,-,- ,,A,N,D,G,A,A,H,-,A,D,0,,Y,,,Y,,L,4,0,1,0,0,0,0,1,0,0,- ,- ,34.41706848,-119.7115021,SANTA BARBARA,SANTA BARBARA,-119.7165756,34.41838837
9301910,2021,9/22/21,4203,8/25/21,1602,24079,,3,5,5,4203,0,0,0,,0,4,W HALEY ST,STATE ST,156,W,N,A,-,N,,,,,,,,,,Y,4,0,1,2,A,-,8,22107,,N,C,C,A,A,H,-,A,D,0,,,,,Y,,A,1,0,0,1,0,0,0,0,0,0,- ,- ,34.41482162,-119.6909103,SANTA BARBARA,SANTA BARBARA,-119.6958771,34.41646957
9303138,2021,8/28/21,4203,7/22/21,1536,24576,22,4,5,5,4203,0,0,0,,0,6,MICHELTORENA ST,ALMOND AV,22,W,N,A,-,N,,,,,,,,,,N,4,0,2,2,A,-,3,22350,,N,C,C,A,A,H,-,A,D,0,,,,,Y,,A,7,0,0,2,0,0,0,0,0,0,- ,- ,34.41923141,-119.7156601,SANTA BARBARA,SANTA BARBARA,-119.7156372,34.41926575
9306138,2021,9/30/21,4203,8/5/21,2038,8825,28,4,5,5,4203,0,0,0,,0,6,CALLE DE LOS AMIGOS,MODOC RD,0,,Y,A,-,N,,,,,,,,,,N,3,0,1,1,A,-,1,23152,B,N,E,I,A,A,H,-,C,A,0,,,,,Y,Y,D,22,0,1,0,0,0,0,0,0,0,- ,- ,34.43151093,-119.743042,SANTA BARBARA,SANTA BARBARA,-119.7480774,34.43278122
9306179,2021,9/30/21,4203,8/1/21,1715,25107,15,7,5,5,4203,0,0,0,,0,2,SHORELINE DR,LOMA ALTA DR,0,,Y,A,-,N,,,,,,,,,,N,2,0,1,2,A,-,8,22107,,N,H,G,A,A,H,-,A,A,0,,Y,,Y,Y,Y,F,26,1,0,0,0,0,0,1,0,0,- ,- ,34.40319824,-119.6977997,SANTA BARBARA,SANTA BARBARA,-119.6977386,34.40319824
9306180,2021,9/30/21,4203,8/1/21,733,8825,12,7,5,5,4203,0,0,0,,0,2,GARDEN ST,YANONALI ST,0,,Y,A,-,N,,,,,,,,,,Y,2,0,2,2,A,-,1,23152,A,N,D,C,A,A,H,-,A,A,0,,,,,Y,Y,D,22,1,1,0,0,0,0,0,0,0,- ,- ,34.4172287,-119.6886215,SANTA BARBARA,SANTA BARBARA,-119.6885223,34.41730881
9306182,2021,9/30/21,4203,8/7/21,1759,8825,44,6,5,5,4203,0,0,0,,0,3,ANACAPA ST,ORTEGA ST,67,S,N,A,-,N,,,,,,,,,,N,3,0,1,2,A,-,1,23152,B,F,C,G,A,A,H,-,A,A,0,,Y,,,Y,Y,D,22,0,1,0,0,0,0,1,0,0,- ,- ,34.41778946,-119.6922302,SANTA BARBARA,SANTA BARBARA,-119.6967163,34.41965866
9306688,2021,9/16/21,4203,8/24/21,1328,8825,35,2,5,5,4203,0,0,0,,0,4,BATH ST,MISSION ST,205,N,N,A,-,N,,,,,,,,,,Y,3,0,1,2,A,-,8,22107,,N,B,C,A,A,H,-,A,A,0,,,,,Y,,A,7,0,1,0,0,0,0,0,0,0,- ,- ,34.42771149,-119.7180099,SANTA BARBARA,SANTA BARBARA,-119.7184677,34.42798615
9306692,2021,9/16/21,4203,8/16/21,1517,6378,1,1,5,5,4203,0,0,0,,0,2,MILPAS ST,CACIQUE ST,0,,Y,A,-,N,,,,,,,,,,Y,4,0,1,2,D,-,0,,,N,D,C,A,A,H,-,A,A,0,,,,,Y,,-,- ,0,0,1,0,0,0,0,0,0,- ,- ,34.4196701,-119.6764832,SANTA BARBARA,SANTA BARBARA,-119.6763535,34.41976929
9309724,2021,8/24/21,4203,6/27/21,1804,2661,,7,5,5,4203,0,0,0,,0,6,CLIFF DR,YANKEE FARM RD,570,E,N,A,-,N,,,,,,,,,,Y,2,0,1,1,A,-,3,22350,,N,F,A,A,A,H,-,A,D,0,,,Y,,Y,,C,2,1,0,0,0,0,0,0,0,1,- ,- ,34.40600967,-119.750061,SANTA BARBARA,SANTA BARBARA,-119.7479172,34.40562439
9310438,2021,11/5/21,4203,8/2/21,1302,2661,15,1,5,5,4203,0,0,0,,0,6,OCEANO AV,DEL SOL AV,0,,Y,A,-,N,,,,,,,,,,,3,0,1,2,A,-,9,21800,A,F,D,G,A,A,H,-,A,D,0,,Y,,,Y,,L,4,0,1,0,0,0,0,1,0,0,- ,- ,34.40353012,-119.704422,SANTA BARBARA,SANTA BARBARA,-119.7042389,34.40345001
9310439,2021,10/8/21,4203,8/5/21,1939,24576,25,4,5,5,4203,0,0,0,,0,6,CLEARVIEW RD,MICHELTORENA ST,215,N,N,A,-,N,,,,,,,,,,,3,0,2,3,D,-,0,,,N,H,G,A,A,H,-,C,D,0,,Y,,,Y,,-,- ,0,1,1,0,0,0,2,0,0,- ,- ,34.41294861,-119.7161865,SANTA BARBARA,SANTA BARBARA,-119.7212677,34.41497421
9310440,2021,10/18/21,4203,8/2/21,1930,25508,12,1,5,5,4203,0,0,0,,0,2,EAST CABRILLO BL,CALLE PUERTO VALLARTA,586,W,N,A,-,N,,,,,,,,,,,3,0,1,2,-,-,- ,,,F,C,G,A,A,H,-,A,D,0,,Y,,,Y,Y,-,- ,0,1,0,0,0,0,1,0,0,- ,- ,34.41572189,-119.67733,SANTA BARBARA,SANTA BARBARA,-119.6771545,34.415802
9310591,2021,9/9/21,4203,7/30/21,1213,24576,53,5,5,5,4203,0,0,0,,0,5,STATE ST,AMAPOLA DR,121,E,N,A,-,N,,,,,,,,,,,4,0,1,2,A,-,3,22350,,N,C,C,A,A,H,-,A,D,0,,,Y,,Y,,A,1,0,0,1,0,0,0,0,0,1,- ,- ,34.44052124,-119.7366028,SANTA BARBARA,SANTA BARBARA,-119.7361298,34.44039917
9310592,2021,9/9/21,4203,7/22/21,2030,25317,33,4,5,5,4203,0,0,0,,0,4,W MICHELTORENA ST,DE LA VINA ST,0,,Y,A,-,N,,,,,,,,,,,4,0,1,2,A,-,12,21453,A,N,D,G,A,A,H,-,C,A,0,,Y,,,Y,,L,4,0,0,1,0,0,0,1,0,0,- ,- ,34.42399979,-119.7105026,SANTA BARBARA,SANTA BARBARA,-119.7105637,34.42404938
9310594,2021,9/9/21,4203,7/30/21,1136,24576,32,5,5,5,4203,0,0,0,,0,4,DE LA VINA ST,FIGUEROA ST,0,,Y,A,-,N,,,,,,,,,,,4,0,1,2,A,-,8,22100,B,N,D,C,A,A,H,-,A,D,0,,,,,Y,,A,1,0,0,1,0,0,0,0,0,0,- ,- ,34.42036057,-119.7053528,SANTA BARBARA,SANTA BARBARA,-119.705452,34.42029953
9310595,2021,9/9/21,4203,7/28/21,2030,25596,6,3,5,5,4203,0,0,0,,0,6,LAS POSITAS RD,MODOC RD,300,S,N,A,-,N,,,,,,,,,,Y,3,0,1,1,A,-,3,22350,,N,E,I,A,A,H,-,C,A,0,,,Y,,Y,,C,2,0,1,0,0,0,0,0,0,1,- ,- ,34.42464828,-119.7302475,SANTA BARBARA,SANTA BARBARA,-119.735733,34.42583466
9310596,2021,9/9/21,4203,7/30/21,1607,25790,51,5,5,5,4203,0,0,0,,0,5,STATE ST,CALLE LAURELES,110,W,N,A,-,N,,,,,,,,,,,3,0,2,3,D,-,0,,,F,H,G,A,A,H,-,A,D,0,,Y,,,Y,,-,- ,0,1,1,0,0,0,1,0,0,- ,- ,34.44041824,-119.7282181,SANTA BARBARA,SANTA BARBARA,-119.7285156,34.44036865
9310598,2021,9/9/21,4203,7/13/21,740,24073,,2,5,5,4203,0,0,0,,0,1,CACIQUE ST,VOLUNTARIO ST,0,,Y,A,-,N,,,,,,,,,,,4,0,1,2,A,-,9,21802,A,N,D,D,A,A,H,-,A,A,0,,,,,Y,,I,19,0,0,1,0,0,0,0,0,0,- ,- ,34.42174149,-119.674202,SANTA BARBARA,SANTA BARBARA,-119.6740875,34.42184067
9310599,2021,9/9/21,4203,7/31/21,1717,24580,2,6,5,5,4203,0,0,0,,0,2,EAST CABRILLO BL,CALLE PUERTO VALLARTA,83,E,N,A,-,N,,,,,,,,,,Y,3,0,1,2,A,-,8,22107,,N,D,C,A,A,H,-,A,D,0,,,Y,,Y,,A,1,0,1,0,0,0,0,0,0,1,- ,- ,34.41630173,-119.6748734,SANTA BARBARA,SANTA BARBARA,-119.6750031,34.41624069
9310602,2021,9/9/21,4203,7/21/21,703,24582,,3,5,5,4203,0,0,0,,0,1,QUINIENTOS ST,QUINIENTOS ST 800,0,,Y,A,-,N,,,,,,,,,,,4,0,1,2,A,-,10,21950,A,N,G,B,B,A,H,-,A,A,0,Y,,,,Y,,A,1,0,0,1,0,1,0,0,0,0,- ,- ,34.42150879,-119.6789017,SANTA BARBARA,SANTA BARBARA,,
9310603,2021,9/9/21,4203,7/31/21,1750,25790,51,6,5,5,4203,0,0,0,,0,5,VENTURA DR,VALENCIA DR,115,W,N,A,-,N,,,,,,,,,,,4,0,1,2,A,-,11,21950,B,N,G,B,D,A,H,-,A,D,0,Y,,,,Y,,-,- ,0,0,1,0,1,0,0,0,0,- ,- ,34.44208908,-119.7211685,SANTA BARBARA,SANTA BARBARA,-119.7213821,34.44224167
9313572,2021,9/17/21,4203,8/16/21,1245,25790,62,1,5,5,4203,0,0,0,,0,1,QUINIENTOS ST,MILPAS ST,53,W,N,A,-,N,,,,,,,,,,N,4,0,1,2,A,-,9,21801,A,N,D,C,A,A,H,-,A,A,0,,,,,Y,,A,1,0,0,1,0,0,0,0,0,0,- ,- ,34.42158127,-119.6790085,SANTA BARBARA,SANTA BARBARA,-119.6790161,34.4215126
9313701,2021,10/12/21,4203,8/19/21,659,24576,46,4,5,5,4203,0,0,0,,0,3,GARDEN ST,SOLA ST,0,,Y,A,-,N,,,,,,,,,,Y,3,0,2,2,A,-,9,21802,A,N,D,C,A,A,H,-,A,A,0,,,,,Y,,A,1,0,1,1,0,0,0,0,0,0,- ,- ,34.42832184,-119.7036438,SANTA BARBARA,SANTA BARBARA,-119.7036285,34.42840958
9313702,2021,10/12/21,4203,8/21/21,2000,25605,,6,5,5,4203,0,0,0,,0,6,LAS POSITAS RD,CLIFF DR,1492,N,N,A,-,N,,,225,,,,,,,Y,3,0,1,2,A,-,1,23152,A,N,B,C,A,A,G,-,D,D,0,,,,,Y,Y,A,1,0,1,0,0,0,0,0,0,0,- ,- ,34.40510941,-119.7395096,SANTA BARBARA,SANTA BARBARA,-119.7392197,34.40517044
9313703,2021,10/12/21,4203,8/7/21,1453,4937,,6,5,5,4203,0,0,0,,0,4,ARRELLAGA ST,DE LA VINA ST,40,E,N,A,-,N,,,,,,,,,,N,4,0,1,2,A,-,5,21460,A,F,A,C,A,A,H,-,A,A,0,,,,,Y,,A,8,0,0,1,0,0,0,0,0,0,- ,- ,34.42559814,-119.7118988,SANTA BARBARA,SANTA BARBARA,-119.7117767,34.42507172
9313704,2021,10/12/21,4203,8/10/21,2040,24321,38,2,5,5,4203,0,0,0,,0,5,DE LA VINA ST,ARDEN RD,160,N,N,A,-,N,,,,,,,,,,N,3,0,1,2,A,-,8,22107,,N,D,G,A,A,H,-,C,D,0,,Y,,,Y,,A,1,0,1,0,0,0,0,1,0,0,- ,- ,34.43730164,-119.7269287,SANTA BARBARA,SANTA BARBARA,-119.7271576,34.43759918
9313705,2021,10/12/21,4203,8/16/21,1821,5206,61,1,5,5,4203,0,0,0,,0,1,DE LA GUERRA ST,MILPAS ST,137,W,N,A,-,N,,,,,,,,,,N,3,0,1,2,A,-,9,21804,A,N,D,G,A,A,H,-,A,D,0,,Y,,,Y,,L,4,0,1,0,0,0,0,1,0,0,- ,- ,34.42922974,-119.6891174,SANTA BARBARA,SANTA BARBARA,-119.6894836,34.42885971
9313706,2021,10/12/21,4203,8/14/21,2000,25605,,6,5,5,4203,0,0,0,,0,6,SAN ANDRES ST,W CARRILLO ST,0,,Y,A,-,N,,,,,,,,,,Y,3,0,1,2,A,-,9,21801,A,N,D,C,A,A,H,-,C,A,0,,,,,Y,,A,1,0,1,0,0,0,0,0,0,0,- ,- ,,,SANTA BARBARA,SANTA BARBARA,-119.7106323,34.414711
9313721,2021,10/22/21,4203,8/10/21,2142,24076,11,2,5,5,4203,0,0,0,,0,2,ORILLA DEL MAR,CORONA DEL MAR,16,E,N,A,-,N,,,,,,,,,,,4,0,1,2,A,-,8,22107,,N,D,G,A,A,H,-,C,D,0,,Y,,,Y,,A,1,0,0,1,0,0,0,1,0,0,- ,- ,34.41759872,-119.6699982,SANTA BARBARA,SANTA BARBARA,-119.6709747,34.41769791
9314092,2021,9/20/21,4203,8/17/21,1959,23136,41,2,5,5,4203,0,0,0,,0,3,E FIGUEROA ST,ANACAPA ST,182,W,N,A,-,N,,,,,,,,,,Y,3,0,1,1,A,-,1,23152,A,N,E,I,A,A,H,-,B,D,0,,,Y,,Y,Y,C,2,0,1,0,0,0,0,0,0,1,- ,- ,34.42301178,-119.7024536,SANTA BARBARA,SANTA BARBARA,-119.7023926,34.42314148
9317365,2021,9/22/21,4203,8/25/21,134,23133,44,3,5,5,4203,0,0,0,,0,3,E COTA ST,ANACAPA ST,18,E,N,A,-,N,,,,,,,,,,Y,3,0,1,1,A,-,1,23152,A,N,E,I,A,A,H,-,C,B,0,,,,,Y,Y,A,1,0,1,0,0,0,0,0,0,0,- ,- ,34.41886902,-119.6957169,SANTA BARBARA,SANTA BARBARA,-119.6955795,34.41889572
9317366,2021,9/24/21,4203,8/2/21,1345,24079,,1,5,5,4203,0,0,0,,0,5,ALAMAR AV,ORELLA ST,35,W,N,A,-,N,,,,,,,,,,N,4,0,1,2,A,-,9,21804,A,N,D,C,A,A,H,-,A,D,0,,,,,Y,,A,1,0,0,1,0,0,0,0,0,0,- ,- ,34.43460083,-119.7260208,SANTA BARBARA,SANTA BARBARA,-119.7260056,34.43445587
9320140,2021,12/7/21,4203,11/14/21,2022,24076,25,7,5,5,4203,0,0,0,,0,6,1100 W CARRILLO ST,MIRAMONTE DR,260,E,N,A,-,N,,,,,,,,,,Y,1,1,1,2,A,-,1,23152,A,N,A,C,A,A,H,-,D,D,0,,,,,Y,Y,A,1,0,1,0,0,0,0,0,0,0,- ,- ,34.4100914,-119.7169495,SANTA BARBARA,SANTA BARBARA,-119.7169724,34.41008759